dataset,encounter_id,dialogue,note
acijpcardio,JC-AD-S,"【問診記録】
本日午前 9 時 15 分頃、自宅で新聞を読んでいた際に突然前胸部に激痛が出現。""刃物で引き裂かれるような"" 鋭い痛みで、開始時点で痛みは最強度 (NRS 10/10)、冷汗を伴った。
痛みは数分以内に肩甲骨間部 (背部) に移動し、その後も持続。安静で軽快せず、嘔気あり。
妻に運転を依頼し、午前 9 時 50 分に当院循環器内科外来を受診。発症から約 35 分経過。
来院時の血圧測定で右上肢 168/96 mmHg、左上肢 112/72 mmHg と左右差 50 mmHg 以上を認め、大動脈解離を強く疑い直ちに造影 CT 撮影を実施。
胸痛・背部痛の既往なし。動悸・失神・呼吸困難なし。
高血圧は 5 年前から指摘され降圧薬が処方されているが、本人は ""忙しくて飲み忘れる"" とのことでコンプライアンス不良。直近の自己測定血圧は朝で 170/100 mmHg 台が常態化。
喫煙 25 本/日 × 35 年継続中、Marfan 関連身体特徴 (高身長・蜘蛛指・漏斗胸) なし、家族歴に大動脈疾患なし。

【お薬手帳より】
【お薬手帳より】
・アムロジピンベシル酸塩錠 5mg 1錠 朝食後
・ロサルタンカリウム錠 50mg 1錠 朝食後
服薬コンプライアンス不良 (本人申告)。本日朝も内服していない。残薬約 2 週間分あり。

【診察所見】
意識清明、苦悶様顔貌、冷汗著明。
バイタル: 右上肢 BP 168/96 mmHg、左上肢 BP 112/72 mmHg (収縮期左右差 56 mmHg)、HR 102/min 整、SpO2 96% (room air)、RR 22/min、BT 36.8℃。
胸部聴診: 心音 I/II 整、II 音の拡張期雑音 (大動脈弁領域、Levine II/VI) を聴取、収縮期雑音なし。肺音清。
頸動脈拍動: 左右差なし、雑音なし。
四肢: 橈骨動脈は両側触知良好だが左やや弱、足背動脈 両側触知良好で左右差なし。
下腿浮腫なし、頸静脈怒張なし、神経学的脱落症状なし。

【検査結果】
【心電図 (来院時)】
洞調律 HR 102、左室高電位 (V5 R 32mm)、ST-T 変化軽度 (側壁誘導の strain pattern)、急性虚血性変化なし。

【採血】
WBC 12,800/μL、Hb 13.8 g/dL、Plt 22.4万/μL
CK 132 U/L、CK-MB 18 U/L、トロポニン I 0.04 ng/mL (基準内)
BNP 92 pg/mL、D-dimer 18.6 μg/mL (著明高値)
Na 140、K 3.9、Cl 104、BUN 16、Cr 0.96、eGFR 72
Glucose 142 mg/dL、HbA1c 5.8%、LDL-C 138 mg/dL
CRP 0.6 mg/dL、Lactate 2.4 mmol/L

【胸部 X-p】
上縦隔陰影の拡大あり、心拡大軽度 (CTR 52%)、肺うっ血なし、胸水なし。

【造影 CT (胸腹部、来院 30 分後)】
上行大動脈起始部 (Valsalva 洞上方) から弓部・下行大動脈・腹部大動脈左腎動脈分岐部まで連続する flap を認める。Stanford A 型解離 (DeBakey I 型)、entry は上行大動脈起始部。
上行大動脈最大径 52mm、心嚢液貯留 中等量 (心タンポナーデ進行中の所見、心嚢液 厚さ 18mm)、大動脈弁逆流 中等度 (true lumen 圧迫所見)。
冠動脈起始部 (右冠動脈) は true lumen 由来で開存、左冠動脈も開存。腕頭動脈・左総頸動脈は true lumen 由来、左鎖骨下動脈は false lumen 由来 (左上肢血圧低下と整合)。腹部分枝: 腹腔動脈・上腸間膜動脈・両側腎動脈は true lumen 由来で灌流障害なし。

【経胸壁心エコー (CT 後 緊急)】
上行大動脈拡大 52mm、intimal flap 明瞭、大動脈弁逆流 中等度、LVEF 58%、心嚢液中等量 (RV diastolic collapse 軽度認め心タンポナーデ進行中)。","S: 62 歳男性。本日 9 時 15 分頃、自宅で安静中に突然の前胸部激痛 (引き裂かれるような・NRS 10/10) が出現、数分以内に背部 (肩甲骨間部) に移動し持続。冷汗・嘔気あり。発症 35 分で当院受診。胸痛既往なし。高血圧 5 年来加療中だが本人申告で内服コンプライアンス不良 (朝の自己測定 170/100 台)、降圧薬残薬多数。喫煙 25 本/日 × 35 年継続。Marfan 関連身体特徴・家族歴なし。

O: 意識清明、苦悶様顔貌、冷汗著明。右上肢 BP 168/96 / 左上肢 BP 112/72 (収縮期左右差 56 mmHg)、HR 102/min 整、SpO2 96% RA、RR 22、BT 36.8。心音 I/II 整、大動脈弁領域に拡張期雑音 II/VI 聴取、肺音清、頸動脈雑音なし、神経脱落症状なし、足背動脈左右差なし。
12 誘導心電図: 洞調律、左室高電位、急性虚血性変化なし。
採血: トロポニン I 0.04 (陰性)、CK-MB 18、D-dimer 18.6 μg/mL と著明高値、Cr 0.96、Lactate 2.4。
胸部 X-p: 上縦隔陰影拡大、CTR 52%。
造影 CT: 上行大動脈起始部から腹部大動脈まで連続する Stanford A 型 (DeBakey I 型) 解離、上行大動脈径 52mm、entry は上行起始部、心嚢液中等量 (タンポナーデ進行中)、大動脈弁逆流中等度、左鎖骨下動脈は false lumen 由来 (左上肢血圧低下と一致)、冠動脈・腹部分枝は true lumen 由来で開存。
経胸壁心エコー: 上行 52mm、intimal flap、AR 中等度、LVEF 58%、心嚢液中等量で RV diastolic collapse 軽度。

A: 急性大動脈解離 Stanford A 型 (DeBakey I 型)、entry 上行大動脈起始部。心嚢液貯留・心タンポナーデ進行中、急性大動脈弁逆流中等度合併。Stanford A 型は内科治療単独で 24 時間死亡率約 1-2%/時間の超緊急疾患であり、心臓血管外科緊急手術 (上行大動脈・弓部人工血管置換術) の絶対適応。背景: 長年の重度高血圧の内服コンプライアンス不良、喫煙継続による血管脆弱化が主因と考えられる。鑑別の急性心筋梗塞は心電図・トロポニン陰性で否定的、肺塞栓は造影 CT で否定。

P: 1. 心臓血管外科への緊急コンサルト・即時転科。手術室・人工心肺準備、上行大動脈および弓部人工血管置換術 (場合により部分弓部置換 + 末梢吻合) を実施。発症から手術開始まで時間短縮が予後改善の最大因子。
2. 厳格降圧 (impulse 制御): 目標 SBP 100-120 mmHg、HR 60-80/min。ランジオロール 持続静注 (1-10 μg/kg/min) でレート優先制御を開始、追加でニカルジピン持続静注 (1-5 μg/kg/min) を併用。経口降圧薬 (アムロジピン・ロサルタン) は周術期一時中止、術後血行動態安定後に再開検討。
3. 鎮痛: フェンタニル 静注 (25-50 μg ボーラス、1-2 μg/kg/h 持続) で疼痛制御、交感神経活動抑制も兼ねる。
4. 心タンポナーデ対策: 心嚢穿刺は基本禁忌 (false lumen 加圧で破裂助長)、緊急手術で術中に心嚢解放を優先。バイタル悪化時のみ最小量穿刺を考慮。
5. 輸液・輸血準備: 大量輸血プロトコル発動、RBC 10 単位・FFP 10 単位・PC 20 単位確保、自己血回収装置準備。
6. 抗血小板薬・抗凝固薬は使用しない (出血リスク増大)。アスピリン等は本症例では未使用。
7. ICU/CCU 入院 (術後管理)、観血的動脈圧モニター、中心静脈ライン、Swan-Ganz カテーテル準備。
8. 家族 (妻) への説明: 緊急手術の必要性・周術期死亡率 (10-20%)・術後合併症 (脳合併症・腎不全・呼吸不全) を説明し同意取得。
9. 退院後 2 次予防: 厳格降圧 (SBP < 130 mmHg)、禁煙指導、CT による残存解離 (B 部分) の経時フォロー (3 ヶ月・6 ヶ月・年 1 回)。"
acijpcardio,JC-AD-V,あの すいません 妻が今日 散歩に出たんですけど あの 近所の公園のあたりで倒れてて それで近所の人がね うちに知らせに来てくれて 私が行ったらね もう座り込んでて 顔色も悪くて それで救急車呼びました はい えっと 妻は 痛い痛いって 背中が痛いって言うんですよ で胸も少し痛いって  でも私 ちょっと耳が遠いもんですから ハッキリとは聞き取れなくて あの 倒れる瞬間は誰も見てなくて 近所の方が気づいたときにはもう座ってたって で 一回気を失ったかもしれない って妻は言うんですけど 自分でもちょっと曖昧で 妻はちょっとね あの 物忘れが最近あるもんで えっと 妻は前から血圧の薬と あと糖尿病の薬と あと最近物忘れの薬も飲んでます 名前は ちょっと えーと あ お薬手帳は持ってきました はい これです えっと 血圧の薬がね 確か 二種類あって 一個は アムロジ ピン って書いてあるのと もう一個 エナ なんとか えっと あと糖尿病はメトホルミンって あと 物忘れの薬がドネペジルだったかな 妻 血圧はもうね 何十年も飲んでます ずっと  140 とか 150 とかで まあ コントロールはまあまあ で 今日は朝も普通に薬飲んで で散歩行って そう そう 食欲もあって 朝はパンとサラダ食べてて 異常はなかったんです タバコは吸わないです 全然 お酒も飲まないです 元々健康なんですよ 散歩も毎日 え 痛みはね さっきまで すごく痛がってたんですけど 救急車の中では少しマシになったって言ってました でも まだ背中はずきずきするって アレルギーは 特に聞いたことないです はい あ そう そう 父はね 妻のお父さんはずいぶん前に亡くなって 心臓じゃなくて確か 胃がんだったかな で母は 90 過ぎまで生きて で大動脈とか そういう病気は親戚にもいないと思います えっと あ 救急隊の方が血圧 175 の 95 って言ってました 高いですよね 普段はそんなに高くないのに,"S: 78 歳女性、夫からの問診 (高齢で耳が遠く話があちこち飛ぶ STT 入力、本人の意識状態は不明確)。本日早朝に普段通り内服・朝食後、近所の公園に散歩に出た際に転倒、近所の人が発見し夫経由で救急要請。倒れる瞬間の目撃者なし、本人申告では ""気を失ったかもしれない"" とあるが認知症のため詳細不明確。発見時から胸背部痛 (背部優位、ずきずき) を訴え、現在もある程度持続。失禁・痙攣・前駆症状なし。既往: 高血圧 (長年加療、家庭血圧 140-150 台)、2 型糖尿病、軽度認知症。お薬手帳持参でアムロジピン・エナラプリル・メトホルミン・ドネペジル内服を確認。本日朝も全部内服済。喫煙・飲酒歴なし、大動脈疾患の家族歴なし。アレルギー特記なし。救急隊収容時 BP 175/95 mmHg。

O: 意識清明だが軽度傾眠傾向、認知症ありで時の見当識やや不良。冷汗あり。来院時 BP 175/95 mmHg、HR 88/min 整、SpO2 96% RA、RR 20、BT 36.5。両上肢 BP 左右差 8 mmHg (有意差なし)。心音 I/II 整、雑音なし、肺音清。腹部平坦・軟・圧痛なし、腸蠕動音正常。背部の叩打痛 軽度あり、神経学的脱落症状なし、両側下肢の対麻痺・感覚障害なし、足背動脈両側触知良好。
12 誘導心電図: 洞調律 HR 88、左室高電位、急性虚血性変化なし。
採血: トロポニン I 0.02 (陰性)、CK 96 / CK-MB 12 (基準内)、BNP 142、D-dimer 9.8 μg/mL (高値)、Cr 1.04 / eGFR 42、Glucose 156、HbA1c 6.8、LDL-C 118、Lactate 1.8。
胸部 X-p: 軽度上縦隔陰影拡大、CTR 50%、肺うっ血なし。
造影 CT (胸腹部): 左鎖骨下動脈分岐直後 (entry) から下行大動脈・腹部大動脈総腸骨動脈分岐部直前まで連続する flap を認める。Stanford B 型 (DeBakey IIIb 型) 解離。下行大動脈最大径 38mm、上行大動脈は normal で flap なし。腹部分枝 (腹腔動脈・上腸間膜動脈・両側腎動脈) は true lumen 由来で灌流障害なし、両側総腸骨動脈も開存。心嚢液なし、胸水なし、破裂・rupture を示唆する造影剤漏出なし。Complicated B (灌流障害・切迫破裂・rapid expansion) の所見なし。
経胸壁心エコー: 上行大動脈正常、大動脈弁正常、AR 軽度、LVEF 60%、心嚢液なし。

A: 急性大動脈解離 Stanford B 型 (DeBakey IIIb 型)、uncomplicated B 型。entry 左鎖骨下動脈分岐直後、下行大動脈最大径 38mm。一過性失神は転倒時の発症急性期の一過性脳灌流低下 or 疼痛による迷走神経反射と考えられ (脳梗塞症状なし、頸動脈・椎骨動脈に解離波及なし)。背景: 長年の高血圧が主因、糖尿病・加齢による血管脆弱化を合併。Stanford B uncomplicated は降圧厳格管理を中心とした薬物療法 (内科治療) が第一選択であり、外科手術 / TEVAR は灌流障害・切迫破裂・rapid expansion 等の complicated 化時に検討する。鑑別: 急性心筋梗塞は心電図・トロポニン陰性で否定、肺塞栓は造影 CT で否定。

P: 1. ICU 入院、観血的動脈圧モニター・心電図モニター下管理。手術非適応 (uncomplicated B) で薬物療法を選択。
2. 厳格降圧 (impulse 制御): 目標 SBP 110-120 mmHg、HR 60-80/min。ランジオロール 持続静注 (1-10 μg/kg/min) で先行レート制御を開始、不十分ならニカルジピン 持続静注 (1-5 μg/kg/min) を追加併用。高齢・eGFR 42 を踏まえ用量は慎重に漸増。
3. 鎮痛: フェンタニル 静注 (12.5-25 μg ボーラスから開始、高齢のため減量、必要に応じ 0.5-1 μg/kg/h 持続) で疼痛コントロール、交感神経抑制も兼ねる。
4. 既存内服薬の調整: アムロジピン・エナラプリルは静注降圧で SBP 安定化までは経口は一時中止、状態安定後に再開し血圧目標の常態維持に役立てる。メトホルミンは造影 CT 後で eGFR 42 のため一時休薬し、48 時間後 Cr 確認後に再開判定。ドネペジルは継続 (徐脈傾向に注意、ランジオロールとの併用で HR 注意モニタリング)。
5. 造影剤腎症対策: 等張食塩水補液、24-48 時間後 Cr モニタリング。
6. 抗血小板薬・抗凝固薬は使用しない。
7. 経時画像フォロー: 入院 48-72 時間後に造影 CT 再検し flap 進展・最大径拡大・新規灌流障害の有無を評価。complicated 化の所見出現時は心臓血管外科にコンサルトし TEVAR 適応を再判定。
8. 認知症 + 高齢 + 救急搬送のせん妄リスクが高いため、環境調整 (家族面会、見当識補助)、必要に応じ非薬物的対応を優先、薬物使用時はクエチアピン少量等を検討 (抗精神病薬は慎重に)。
9. 家族 (夫) への説明: 夫は高齢で耳が遠く認知能力も低下傾向のため、可能なら長女・長男など他の家族同席で説明、Stanford B uncomplicated の自然経過 (院内死亡率 5-10%、薬物療法で安定化見込み) と complicated 化リスクを伝え同意取得。説明はゆっくり大きい声で、書面 (図示) を併用。
10. 退院後 2 次予防: 厳格降圧 (SBP < 130 mmHg を継続)、定期的な大動脈 CT フォロー (退院後 1 ヶ月・3 ヶ月・6 ヶ月・以降年 1 回)、認知症と独居傾向を踏まえ訪問看護・服薬管理支援の介護保険申請を相談。"
acijpcardio,JC-AF-S,"【問診記録】
3 日前 (2026-04-06) の夜、就寝前から胸がドキドキする感じが出現。当初は疲れのせいと思い経過観察していたが、翌朝になっても動悸が消失せず、本日まで持続している。
動悸は持続性で安静時にも自覚、脈は不規則で速い感覚あり。階段を 2 階分昇ると軽い息切れが出るようになり、いつもより疲れやすい。
胸痛・失神・めまいなし。冷汗なし。下腿浮腫なし。
3 日前以前にこのような動悸の自覚エピソードなし。発作性動悸の既往なし。
甲状腺疾患・睡眠時無呼吸の指摘なし。アルコールは普段通り (この 1 週間も特記すべき過量飲酒なし)。
10 年前から高血圧で当院近医にて加療中、最近の家庭血圧は 130/80 前後で安定。脂質異常症は LDL 軽度高値で食事指導 + ロスバスタチン少量内服。
本日の家庭血圧: 朝 132/82 (脈拍 128 不整)、診察前自己検脈で ""バラバラで速い"" と認識。
母が 75 歳時に脳梗塞既往あり (現在は ADL 自立)。

【お薬手帳より】
【お薬手帳より】
・アムロジピンベシル酸塩錠 5mg 1錠 朝食後
・ロスバスタチンカルシウム錠 2.5mg 1錠 夕食後
服薬コンプライアンス良好、本日朝も内服済。OTC・サプリメントの常用なし。

【診察所見】
意識清明、活気あり、苦悶様顔貌なし。
バイタル: BP 134/84 mmHg (両上肢差なし)、HR 128/min 不整 (脈拍欠損あり)、SpO2 97% (room air)、RR 18/min、BT 36.5℃。
胸部聴診: 心音 I 音強弱不同、II 音整、III/IV 音聴取なし、明らかな雑音なし、肺音清。
頸静脈怒張なし、下腿浮腫なし、左右差なし。
甲状腺触知異常なし、眼球突出なし。
四肢温感、橈骨・足背動脈触知良好だが脈拍欠損 (10 拍/min 程度) あり。

【検査結果】
【12 誘導心電図 (来院時)】
P 波消失、絶対性不整脈、f 波あり。心拍数 132/min (RR 間隔不整)。
QRS 0.08 秒、ST-T 異常なし。LV high voltage 軽度 (高血圧性変化)。
→ 心房細動 (rapid ventricular response、HR 132)。

【採血】
WBC 6,800/μL、Hb 14.6 g/dL、Plt 23.1万/μL
AST 22、ALT 18、γGTP 28、T-Bil 0.8
CK 88、トロポニン I < 0.03 ng/mL (陰性)
BNP 145 pg/mL (軽度高値)、D-dimer 0.5 μg/mL (陰性)
Na 140、K 4.2、Cl 103、BUN 14、Cr 0.88、eGFR 72
Glucose 102、HbA1c 5.6%、LDL-C 118 mg/dL、HDL 52、TG 128
TSH 1.8 μIU/mL、FT4 1.2 ng/dL (甲状腺機能正常)
CRP 0.2 mg/dL

【胸部 X-p】
心拡大なし (CTR 49%)、肺うっ血なし、肺野クリア。

【経胸壁心エコー (来院時)】
LVEF 58% (modified Simpson)、左室壁運動異常なし、左室壁厚軽度肥厚 (IVS 11mm)、
LA 容量係数 36 mL/m² (軽度拡大、正常 ≤ 34)、LAD 41mm、
弁膜症なし (僧帽弁逆流 trivial、大動脈弁逆流 trivial)、
左房内血栓は経胸壁では明瞭に評価できず (TEE 未実施)、心嚢液なし。","S: 65 歳男性。3 日前 (2026-04-06) より持続性の動悸が出現、自覚的に脈が不規則で速い。階段昇降時の軽度息切れ・倦怠感あり。胸痛・失神・めまい・冷汗なし。発作性動悸の既往なし。10 年来の高血圧 (アムロジピン内服中、家庭血圧 130/80 前後で安定)、軽度脂質異常症 (ロスバスタチン少量内服)。喫煙歴なし、機会飲酒、過量飲酒の最近のエピソードなし。甲状腺疾患・睡眠時無呼吸の指摘なし。母に脳梗塞既往 (75 歳発症)。

O: 意識清明、活気あり、苦悶なし。BP 134/84 mmHg、HR 128/min 不整 (脈拍欠損あり)、SpO2 97% RA、RR 18、BT 36.5。心音 I 音強弱不同、雑音なし、肺音清、下腿浮腫・頸静脈怒張なし、甲状腺触知異常なし。
12 誘導心電図: P 波消失、絶対性不整脈、f 波あり、HR 132、心房細動 (rapid ventricular response)。
採血: トロポニン I 陰性、BNP 145 (軽度高値)、TSH 1.8 / FT4 1.2 (甲状腺機能正常)、Cr 0.88 / eGFR 72、Hb 14.6、HbA1c 5.6、LDL 118、CRP 0.2。
胸部 X-p: 心拡大なし、肺うっ血なし。
経胸壁心エコー: LVEF 58%、壁運動異常なし、IVS 11mm (軽度肥厚)、LA 容量係数 36 mL/m² (軽度拡大)、LAD 41mm、弁膜症なし、心嚢液なし。

A: 新規発症と考えられる心房細動 (rapid ventricular response、HR 132)。発症時刻が比較的明確 (3 日前) で、症候性 (動悸・労作時息切れ)、心拡大なし、LVEF 保持 (58%)、LA 軽度拡大、軽度の心房リモデリングを示唆。
血栓塞栓症リスク評価: CHA2DS2-VASc スコア = 1 点 (高血圧 1 点。年齢 65 歳は < 65 で 0 点、性別男性は加算なし、糖尿病なし、心不全なし、脳卒中既往なし)。
出血リスク評価: HAS-BLED スコア = 1 点 (高血圧 1 点、その他なし)。
弁膜症なし、左房内血栓は経胸壁では明瞭に評価できず TEE 検討。器質的心疾患は左室肥大軽度のみで、AF の background は高血圧性と考えられる。

P: 1. 短期入院 (1-2 日) でレートコントロールおよび抗凝固療法導入を行う。
2. レートコントロール: ビソプロロール 2.5mg/日 を開始 (LVEF 保持・気管支喘息既往なしで第一選択)。心拍コントロールが不十分ならジルチアゼム 30mg/回 1 日 3 回追加を検討、目標安静時 HR 80-110/min。
3. 抗凝固療法: CHA2DS2-VASc 1 点だが症候性で LA 軽度拡大あり、患者と相談の上 DOAC を導入。腎機能正常 (Cr 0.88、eGFR 72) のためアピキサバン 5mg 1 回 1 錠 1 日 2 回を選択 (出血リスクと有効性のバランス良好、本邦エビデンスも豊富)。
4. リズムコントロールは初期方針としては保留。1-3 ヶ月のレートコントロール + 抗凝固後に症状残存、再発エピソード、LA 拡大進行があればカテーテルアブレーションを検討 (患者にも説明)。
5. 入院中検査: 24 時間心電図 (退院前)、TEE で左房内血栓評価 (除外できれば早期除細動も選択肢)、必要時睡眠時無呼吸スクリーニング。
6. 既存内服: アムロジピン 5mg 継続 (血圧コントロール維持)、ロスバスタチン 2.5mg 継続。
7. 生活指導: アルコールは AF 発症・再発因子のため節酒指導 (週 2 単位以下推奨)、塩分制限継続、適度な運動継続。カフェイン過量摂取回避。
8. 退院後フォロー: 1 週間後に外来再診で症状・脈拍確認、抗凝固療法のアドヒアランス・出血徴候チェック。1 ヶ月後 BNP・腎機能再評価。
9. 緊急受診基準: 失神、突然の片麻痺・構音障害、強い胸痛、出血傾向の出現を本人・家族に説明。"
acijpcardio,JC-AF-V,あの すいません 母のことで えーと 先週ですね 地域の健診を受けて 心電図で 何か脈がおかしいって言われて で その紹介状を持って来たんですけど 母は本人は何ともないって言うんですよ 全然元気だしどこも痛くないし 何で来なきゃいけないんだみたいな感じで でも 私から見たら 最近ちょっと階段昇るのもすごく時間かかるし 前は近所のスーパーまで歩いて行ってたのが 行かなくなって 私が代わりに行ってるんですけど あの 本人聞くと 年だから疲れるのは当たり前って言うんですけど なんか 動悸とか そういうのは 本人は感じてないみたいで 全然 でも 健診の先生が これは心房細動っていう不整脈で 脳梗塞のリスクがあるから絶対循環器に行ってくださいって言われて で あの 母の薬なんですけど お薬手帳を 今日持ってこようとしたんですけど 私もバタバタしてて 忘れてきちゃって すいません えーと 血圧の薬 2 種類飲んでます 一個は名前がオルなんとか 何だったかな オルメ オルメ えっと そう オルメサルなんとか 確か朝に 一錠で あともう一個は アムロジ アムロジピンですね こっちは半分 半錠じゃなくて 2.5 のやつ 小さいやつです どっちも朝 で 骨粗しょう症の薬も飲んでて これは週に一回の あの 朝起きてすぐ飲むやつ 名前は えっと 何だったか 一週間に一回って覚えてればいいって言われて あ それから あの 認知症の薬も最近始めたんですけど ちょっと 1 年前ぐらい前から 物忘れがひどくなってきて かかりつけの先生に診てもらって MMSE が 24 点で 軽い認知症って言われて で 薬を飲み始めて あの メマ 何だったかな メマンチン そう メマンチン だと思うんですけど 用量とかは ちょっとはっきり覚えてなくて すいません えっと 3 ヶ月前に 母が家の中で転んじゃって 廊下で 朝トイレに行こうとして 滑って それで 骨折とかはなかったんですけど もうそれから怖がっちゃって なんとなく動かなくなって それで私たちが心配で 同居することにして 同居始めて 3 ヶ月ですけど 結構ぼんやりしてることが増えて 認知症もちょっと進んでるかもしれないし えっと あ あと血圧は 家でたまに測ってるんですけど 大体 130 ぐらいで 上が ただ 脈が なんか早いというか バラバラだなっていうのは 私も触ってて感じることはあって でも 本人は何ともないって言うので えっと 受診日はこちらが指定してもらえれば 私が車で連れてきます 仕事は介護のために週 4 にしてもらってるので 平日でも大丈夫です あ そうそう お薬の あれは あの 抗凝固薬っていう えっと 血液さらさらにする薬の話 ちょっと健診の先生にも言われたんですけど 母が 3 ヶ月前に転んだことがあって 出血するのが心配で どうしたらいいか先生と相談したいなって思ってます,"S: 82 歳女性。長女からの問診中心 (本人は無症状を主張)。先週の地域健診心電図で心房細動を指摘され、紹介状持参にて当院循環器内科を受診。本人は ""何ともない、年だから疲れるのは当たり前"" と無症状を主張するが、長女は階段昇降の遅延・買い物などの活動量低下・たまに触れる脈の不整に気付いており、無症候性ではなく軽度の生活制限を伴う可能性あり。既往: 高血圧 (15 年来、家庭血圧 130/前後)、骨粗鬆症、軽度認知症 (MMSE 24、約 1 年前診断、メマンチン内服開始)。3 ヶ月前に自宅廊下で転倒既往あり (骨折なし、以後活動性低下)、長女夫婦と同居開始。喫煙歴なし、飲酒なし、家族歴特記なし。お薬手帳不携帯で家族の記憶ベース: オルメサルタン (用量不明、推定 10mg)、アムロジピン 2.5mg、アレンドロン酸 35mg/週、メマンチン (用量不明)。長女は転倒既往から抗凝固薬の出血リスクを懸念しており、意思決定共有を希望。

O: 意識清明だが質問への応答緩慢、見当識軽度低下印象 (家族同伴で詳細評価は要外来追加)、活気はやや乏しい。BP 138/82 mmHg、HR 96/min 不整 (脈拍欠損あり)、SpO2 96% RA、RR 16、BT 36.4。心音 I 音強弱不同、II 音整、雑音なし、肺音清、下腿浮腫なし、頸静脈怒張なし。甲状腺触知異常なし。
12 誘導心電図 (来院時): P 波消失、絶対性不整脈、f 波あり、HR 98、心房細動 (rate control 一部達成)。
採血: トロポニン I 陰性、BNP 168 (軽度高値)、TSH 2.1 / FT4 1.1 (甲状腺機能正常)、Cr 0.92 / eGFR 48 (年齢相応の軽度低下、CKD G3a 相当)、Hb 12.4、Plt 21.8万、PT-INR 1.0、APTT 29 秒、HbA1c 5.8、LDL 122、CRP 0.3、便潜血 (持参の健診結果) 陰性、検尿 蛋白 (-) 潜血 (-)。
胸部 X-p: 心拡大なし (CTR 50%)、肺うっ血なし。
経胸壁心エコー: LVEF 60%、壁運動異常なし、IVS 12mm (軽度肥厚)、LA 容量係数 42 mL/m² (中等度拡大)、LAD 44mm、僧帽弁逆流 軽度、心嚢液なし、左房内血栓は経胸壁では明瞭でなく TEE 検討。

A: 持続性または永続性と推定される心房細動 (発症時期不明、健診で偶然発見)。本人は無症候性を主張するが、長女からの聞き取りでは活動量低下・労作時息切れの可能性があり、subclinical な症状を伴う可能性。LA 容量係数 42 mL/m² と中等度拡大しており、慢性経過を示唆。
血栓塞栓症リスク: CHA2DS2-VASc スコア = 4 点 (高血圧 1 点、年齢 ≥ 75 歳 2 点、女性 1 点) — 抗凝固療法の絶対適応域。
出血リスク: HAS-BLED スコア = 3 点 (高血圧 1 点、年齢 > 65 歳 1 点、過去 1 年以内の転倒歴 1 点) — 出血高リスク。
追加の出血/転倒関連リスク: 軽度認知症 (服薬アドヒアランス・転倒リスク増)、3 ヶ月前の転倒既往、CKD G3a (eGFR 48、DOAC 用量調節要)、独居ではないが家族支援度に依存。
臨床判断: CHA2DS2-VASc 4 点で抗凝固療法のベネフィットは年間 ~4-5% の脳梗塞回避と大きく、HAS-BLED 3 点でも転倒の重大出血への寄与は実は低い (有名な 'falls 1-2 回 / 年では抗凝固療法の利益が上回る' のエビデンス) ため、原則 DOAC 導入を検討。ただし家族の懸念・本人の理解度・転倒予防環境の整備が前提。

P: 1. 短期入院 (1-2 日) で精査・治療方針決定。検査として 24 時間ホルター心電図 (持続性/発作性の確認、平均心拍数評価)、経食道心エコー (左房内血栓評価)、骨密度 (DXA、転倒・骨折リスク再評価)、認知機能再評価 (MMSE/HDS-R)。
2. 抗凝固療法導入の意思決定共有 (本人・長女・主治医): CHA2DS2-VASc 4 点で脳梗塞リスク高、HAS-BLED 3 点だが転倒既往は禁忌ではないことを説明。家族の懸念事項 (転倒時頭蓋内出血・服薬アドヒアランス) を傾聴し、転倒予防環境整備 (廊下手すり、夜間照明、滑り止めマット) を並行導入する条件で抗凝固療法を提案。
3. DOAC 選択: CKD G3a (eGFR 48) のため用量調節を検討。アピキサバン 2.5mg 1 日 2 回 (年齢 ≥ 80 歳 + Cr ≥ 1.5 のうち 1 つに該当しないため通常用量 5mg×2 でも可だが、家族希望と高齢・転倒既往を勘案し慎重投与目的で 2.5mg×2 から開始) または エドキサバン 30mg 1 日 1 回 (低体重・高齢・腎機能で減量基準に合致) のいずれかを患者・家族と相談の上選択。ワルファリンは認知症によるアドヒアランス低下と頻回採血負担で第二選択。
4. レートコントロール: 来院時 HR 98 でレートはほぼ達成、ビソプロロール低用量 1.25mg/日 開始 (徐脈進行に注意)、目標安静時 HR < 110/min。リズムコントロール (アブレーション) は LA 拡大・高齢・認知症で適応外と判断。
5. 転倒予防: リハビリ介入 (入院中)、家族と相談しデイケア・訪問リハ導入を検討、靴・歩行補助具の見直し。
6. 既存内服: オルメサルタン継続 (家族確認の上、用量再確認)、アムロジピン 2.5mg 継続、アレンドロン酸継続 (骨粗鬆症 + 転倒予防)、メマンチン継続 (用量再確認)。
7. 服薬支援: 認知症進行に応じてお薬カレンダー導入、訪問看護による服薬確認、ケアマネジャーとの連携、長女主導の服薬管理体制構築。
8. 退院後フォロー: 2 週間後に外来再診で抗凝固アドヒアランス・出血徴候・転倒の有無を確認、1 ヶ月後に PT-INR 不要だが Cr・Hb 再評価。
9. 緊急受診基準: 大きな打撲後の頭痛・嘔気・意識変容、黒色便・血便・吐血、新規の片麻痺・構音障害を本人・家族に文書で説明。
10. お薬手帳の次回必携を強調 (服薬内容の正確な確認のため)。"
acijpcardio,JC-AHF-S,"【問診記録】
1 週間前から両下腿の浮腫が徐々に増悪、5 日前から夜間に枕を 2 つ重ねないと眠れなくなり、3 日前からは起座位でなければ呼吸困難で眠れない状態となった。
体重は 1 週間で 3kg 増加 (普段 58kg → 本日 61kg)。食事量は変わらず、塩分摂取量も普段通り。内服コンプライアンス良好と妻が確認。
本日早朝より安静時にも息切れが出現し、咳嗽・ピンク色の痰なし、起座呼吸 30 度では会話困難となり外来予約を繰り上げて受診。
胸痛なし、動悸は持続性 (本人は AF と認識)、失神なし、発熱なし。
基礎疾患は拡張型心筋症で 5 年前から当院循環器内科で加療中。直近の心エコー (3 ヶ月前) で LVEF 28%。心房細動に対しエドキサバンを腎機能調整して内服中。
誘因として明らかな感染兆候・水分過剰摂取・服薬中断はなし。

【お薬手帳より】
【お薬手帳より】
・エナラプリルマレイン酸塩錠 2.5mg 1錠 朝食後 (5年継続)
・ビソプロロールフマル酸塩錠 1.25mg 1錠 朝食後 (5年継続、目標 2.5mg だが症状で漸増中断)
・スピロノラクトン錠 25mg 1錠 朝食後 (3年継続)
・フロセミド錠 20mg 1錠 朝食後 (1年継続、ベース用量)
・エドキサバントシル酸塩錠 30mg 1錠 朝食後 (CrCl 30-50 で減量、AF 発症 2年前から)
服薬コンプライアンス良好、本日朝も妻の確認下で内服済。SGLT2 阻害薬は未導入 (糖尿病なしで保険上未使用)、ARNI も未導入。

【診察所見】
意識清明、起座位、軽度の頻呼吸あり。
バイタル: BP 92/68 mmHg (普段 110/70 程度)、HR 108/min 不整 (心房細動)、SpO2 91% (room air)、RR 26/min、BT 36.5℃、四肢冷感あり、末梢チアノーゼ軽度。
頸部: 頸静脈怒張著明 (60 度坐位で 8cm)、肝頸静脈逆流陽性。
胸部聴診: 心音 I/II 不整、III 音聴取明瞭 (gallop)、心尖部に II/VI 度の収縮期雑音 (機能性 MR)、両側下肺野で fine crackles 著明。
腹部: 軟、肝下縁 3 横指触知、軽度圧痛あり、腹水なし。
下肢: 両下腿に圧痕性浮腫 ++、足背〜下腿前面まで及ぶ、皮膚温低下、末梢動脈触知微弱。
四肢末梢冷感あり、capillary refill 4 秒と延長。

【検査結果】
【心電図 (来院時)】
心房細動 HR 108/min、不整脈の RR 不整、左室肥大所見 (Sokolow-Lyon 39mm)、V1-V3 で poor R progression、虚血性 ST-T 変化なし。

【胸部 X-p】
心拡大 著明 (CTR 62%)、両側肺うっ血所見、Kerley B 線、両側胸水 (右 > 左)、肺門部血管影増強、butterfly shadow 軽度。

【経胸壁心エコー (来院時 emergency echo)】
LVEF 26% (modified Simpson、3 ヶ月前 28% から軽度低下)、左室拡張末期径 (LVDd) 68mm、全周性 hypokinesis、僧帽弁逆流 中等度 (機能性 MR)、三尖弁逆流 中等度、推定 PASP 52 mmHg、下大静脈径 24mm 呼吸性変動 < 50% (右心系うっ血所見)、心嚢液なし。

【採血】
WBC 8,400/μL、Hb 12.2 g/dL、Plt 19.8万/μL
Na 132、K 4.6、Cl 96、BUN 38、Cr 1.62、eGFR 32 (普段 36 から悪化)、AST 48、ALT 42、T-Bil 1.4、Alb 3.4 g/dL
BNP 1,840 pg/mL (↑↑↑、3 ヶ月前 380)、NT-proBNP 9,650 pg/mL
トロポニン I 0.04 ng/mL (基準内)、CK 142、CK-MB 18 (基準内)
CRP 0.6 mg/dL、TSH 1.8、procalcitonin 0.08 (感染兆候なし)
Lactate 2.4 mmol/L (軽度上昇)、動脈血ガス: pH 7.42、PaO2 62、PaCO2 34、HCO3 22、SpO2 91% (RA)

【その他】
体重 61.0 kg (1 週間前 58.0 kg、3kg 増加)、尿量 (来院時カテーテル) 30 mL/hr 程度。","S: 81 歳男性。拡張型心筋症 (HFrEF, LVEF 28%)、慢性腎臓病 stage 3b、心房細動 (エドキサバン内服)、高血圧の既往。1 週間前から下腿浮腫が出現、5 日前から起座呼吸 (枕 2 つ → 3 日前から坐位必須) に増悪、体重 3kg 増。本日安静時呼吸困難で外来繰り上げ受診。胸痛・発熱・感染兆候なし、内服コンプライアンス良好、明らかな誘因不明。基礎心機能低下に伴う慢性心不全急性増悪と考える。

O: 意識清明、起座位、軽度頻呼吸。BP 92/68 mmHg (低血圧傾向)、HR 108/min 不整 (心房細動)、SpO2 91% RA、RR 26、BT 36.5、四肢冷感・末梢チアノーゼ軽度。頸静脈怒張著明 (8cm)、肝頸静脈逆流陽性、III 音聴取、心尖部 II/VI 機能性 MR 雑音、両側下肺野 fine crackles 著明。下腿圧痕性浮腫 ++、肝 3 横指触知、capillary refill 4 秒。
心電図: 心房細動 HR 108、左室肥大、虚血性変化なし。
胸部 X-p: CTR 62%、両側肺うっ血、Kerley B 線、両側胸水。
心エコー: LVEF 26% (悪化)、LVDd 68mm、機能性 MR 中等度、推定 PASP 52 mmHg、IVC 24mm 呼吸性変動 < 50%。
採血: BNP 1,840 pg/mL (3 ヶ月前 380 から急激増)、NT-proBNP 9,650、Cr 1.62 / eGFR 32 (悪化)、Na 132 (低 Na)、Lactate 2.4、トロポニン陰性、CRP 陰性。

A: 慢性心不全急性増悪 (acute decompensated heart failure on chronic HFrEF)。Nohria-Stevenson 分類 wet & cold (C 型: うっ血所見 + 末梢低灌流の両方あり)。Clinical Scenario (CS) 分類 II (BP 90-140、慢性経過の体液過剰主体)。Forrester 分類 IV (低拍出 + 肺うっ血)。
基礎: 拡張型心筋症 HFrEF (LVEF 26% に低下)、心房細動による頻脈 (HR 108) が増悪要因の一つと推測。腎機能も Cr 1.62 / eGFR 32 と悪化しており cardiorenal syndrome 合併。低血圧 (BP 92/68) と末梢低灌流 (capillary refill 延長、Lactate 2.4 上昇) のため変力作用薬併用が必要、純粋な利尿のみでは改善困難な可能性高い。
誘因として明らかな感染・服薬中断・水分過剰なし → 自然経過の悪化または AF 頻脈関与を考慮。

P: 1. CCU 入院、心電図・観血的動脈圧モニタリング、尿カテーテル留置、IN-OUT 厳密管理。Swan-Ganz カテーテル留置検討 (低拍出と肺うっ血併存、変力作用薬の用量調整目的)。
2. 利尿薬: フロセミド 20mg 静注で開始、反応 (尿量 100mL/hr 目標) 不十分なら持続静注 5-10mg/hr へ移行。トルバプタン 7.5mg/日 併用検討 (低 Na 132、ループ抵抗時)。
3. 変力作用薬: ドブタミン 2-3 μg/kg/min から少量開始、BP・HR・尿量モニターで漸増。CS II・wet/cold C 型のため血管拡張薬単独は禁忌、ドブタミン+利尿薬併用が第一選択。
4. 血管拡張薬: BP 安定 (収縮期 100 以上維持) 確認後にカルペリチド 0.025-0.05 μg/kg/min 持続静注 (利尿+前負荷軽減)。ニトログリセリンは BP 低めのため見送り。
5. 酸素療法: SpO2 ≥ 94% 目標で経鼻 3L/min 開始、改善不十分なら NPPV 導入準備。
6. 心房細動レート管理: HR 108 と頻脈、ジゴキシン 0.125mg 静注で開始 (β遮断薬は急性期低血圧で増量困難)。エドキサバンは継続 (脳塞栓予防、CrCl 再評価で用量調整)。
7. 基礎治療: ビソプロロール・エナラプリル・スピロノラクトンは血行動態安定後に再開 (急性期は低血圧のため一時休薬)。
8. 退院前に fantastic four (ARNI または ACE-I/ARB、β遮断薬、MRA、SGLT2 阻害薬) 全部処方し直し: サクビトリル/バルサルタン (エナラプリルから切替、washout 36 時間)、ビソプロロール 漸増、スピロノラクトン継続、ダパグリフロジン 10mg/日 新規追加 (HFrEF 適応、糖尿病非合併でも保険適応)。
9. CKD stage 3b 配慮: 利尿薬使用下で Cr・K モニタリング、造影検査は最小限。
10. 退院後計画: 体重・血圧自己測定指導、塩分 6g/日 制限、心臓リハ導入、心不全外来 2 週後フォロー。"
acijpcardio,JC-AHF-V,あの すいません 母が 急に息ができないって言って もう本当にびっくりして 私 たまたま今日母の家に泊まりに行ってたんです 一週間前ぐらいから 風邪引いて 咳出るって言ってて 熱もちょっと出てたみたいで 38 度ぐらい でも病院行きたくないって言って 市販のカロナールっていうんですか あれ飲んでて で 今日の朝もまだ咳してて 食欲もないって 元々あんまり食べてなくて あの えっと 父が一ヶ月前に亡くなったんです 急に 朝起きたら冷たくなってて 心筋梗塞だって 救急隊の人が言って もう本当に突然で それから母 食事もあんまり摂らなくて 一人暮らしで 私もちょこちょこ様子見に行ってたんですけど 仕事もあって 毎日は無理で 今日は たまたま週末で 泊まりに来たんです そしたら 朝はまだ咳してたぐらいだったんですけど お昼過ぎぐらいから なんか息苦しいって言い出して で だんだん ひどくなって 横になれないって 座ってないと息できないって  えっと 唇とか指の先がちょっと紫っぽくなってきて 私もうこれおかしいと思って 救急車呼びました 胸が痛いって言うんですけど どこが痛いってこう こう 真ん中らへん こう 押されるみたいな感じって あの 心臓のところ 母 普段は血圧の薬飲んでます ちょっと高いって言われてて アムロジン だっけな アムロジピン だっけな すいません ちょっと薬の名前わかんなくて あの 骨も弱いから 骨粗しょう症の薬 一週間に一回飲むやつ 朝起きてすぐ飲むやつ あの 心臓の病気とかは 今までなかった と思います 健康診断でも 心電図異常とか言われたことなくて あの 私が知ってる限りは 父も心臓の病気で亡くなったから 母も怖がって でも検査は受けてなかった タバコは吸わないです 母も父も タバコは吸わない お酒も飲まない 真面目で 何もしない人 で 父が亡くなってから 本当に元気なくて 一人で家にいて 食欲ないって よく電話で言ってて 私も気にはなってたんですけど えっと 今日来たら 部屋もちょっと散らかってて 母 普段はきれい好きなのに で 冷蔵庫の中もあんまり入ってなくて ちゃんと食べてないんだろうなって思って で 風邪も多分 そうやって体力落ちてたから 引いたんだと思うんですけど まさかこんな急に息できなくなるなんて あ そう そう 救急隊の人が酸素 つけてくれたんですけど それでも 86 とか 言ってて  パルスオキシメーター 何それ 普段 母は元気だったんですけど この一ヶ月は 全然 食べないし 笑わないし 夜も寝れないって言ってて 父のこと 思い出して 私も心配してたんですけど,"S: 63 歳女性。娘からの問診。1 週間前から咳・発熱 (38℃前後) を発症、市販アセトアミノフェンで対応し医療機関受診せず。本日昼過ぎから急速に呼吸困難が増悪、起座呼吸となり、口唇・指先のチアノーゼ出現、胸部中央の圧迫感も訴えたため娘が救急要請。
社会的背景: 1 ヶ月前に夫を急性心筋梗塞で突然死別、以降食欲低下・不眠・抑うつ傾向で独居、ADL 低下傾向。普段は健康で心疾患既往なし、健診で心電図異常指摘なし。
既往: 軽度高血圧 (アムロジピン 2.5mg、服薬時々忘れあり)、骨粗鬆症 (アレンドロン酸週 1 回)。喫煙・飲酒なし。家族歴: 父脳卒中、夫急性心筋梗塞で突然死。

O: 意識清明だが努力呼吸著明、起座位、口唇・指尖チアノーゼ、冷汗あり。BP 138/86 mmHg、HR 118/min 整、SpO2 86% (room air、救急隊酸素 5L 投与下でも 92%)、RR 32/min、BT 37.6℃。
胸部聴診: 心音 I/II 整、雑音なし、両側全肺野で coarse crackles 著明 (湿性ラ音、肺水腫所見)、wheezing なし。下腿浮腫なし、頸静脈怒張は努力呼吸下で評価困難。
12 誘導心電図: 洞性頻脈 HR 118、V2-V5 で軽度 ST 低下 + T 波陰性化、QT 軽度延長 (QTc 480msec)、明確な ST 上昇なし、Q 波なし。
胸部 X-p: 心拡大なし (CTR 51%)、両側肺野に びまん性すりガラス陰影 + butterfly shadow 著明、Kerley B 線、軽度両側胸水。
経胸壁心エコー (来院時 emergency echo): LVEF 35% (低下)、apical ballooning (心尖部の球状膨化と無収縮)、心基部の代償性過収縮、僧帽弁逆流 軽度〜中等度 (機能性)、左室流出路狭窄なし、心嚢液なし、右室機能保たれる。
採血: WBC 13,200/μL (好中球優位)、Hb 11.8、Plt 22.4 万、CRP 8.4 mg/dL (高値)、procalcitonin 0.42 (軽度上昇)、BNP 1,260 pg/mL、NT-proBNP 6,800、トロポニン I 1.8 ng/mL (軽度上昇)、CK 186、CK-MB 22 (軽度上昇)、Cr 0.78、eGFR 68、Na 135、K 3.8、Glucose 142、Alb 3.6、Lactate 2.8。動脈血ガス (酸素 5L 下): pH 7.46、PaO2 58、PaCO2 30、HCO3 21 (I 型呼吸不全、過換気代償)。
喀痰グラム染色: GPC chain 中等量 + WBC 多数、肺炎球菌疑い。

A: 急性心不全 (初発、de novo AHF)。Clinical Scenario (CS) 分類 I (収縮期血圧 ≥ 140 ではないが急速発症型、肺水腫主体)、Nohria-Stevenson 分類 wet & warm (B 型、うっ血ありだが末梢灌流保たれる)、Forrester 分類 II (肺うっ血優位、心係数低下軽度)。
背景病態の鑑別:
#1 たこつぼ症候群 (takotsubo cardiomyopathy) — 心エコーで apical ballooning + LVEF 35% 低下、心電図で広範な T 波陰性化と QT 延長、心尖部無収縮 + 心基部過収縮、トロポニン軽度上昇のみ、配偶者死別 1 ヶ月という強い心理的ストレス → Mayo Clinic / InterTAK 診断基準を満たす可能性高い。
#2 感染契機の心不全 — 1 週間前から肺炎球菌性肺炎疑い (CRP 8.4、procalcitonin 0.42、喀痰 GPC chain、X-p 浸潤影所見)、肺炎による低酸素血症・心筋負荷増大が AHF 発症の引き金と推定。
#3 急性冠症候群除外 — 心電図で明確な ST 上昇なし・Q 波なし、トロポニン軽度上昇は takotsubo・敗血症性心筋障害でも生じるが、CAG での冠動脈評価が必須。
総合的に「肺炎を契機とした、たこつぼ症候群合併による急性心不全」が最も可能性高い病態。心理社会的要因 (配偶者死別 1 ヶ月、独居、抑うつ傾向、食欲低下) の関与も示唆される。

P: 1. ICU 入院、心電図モニタリング、観血的動脈圧モニタリング、尿カテーテル留置。
2. 呼吸管理: 直ちに NPPV 導入 (CPAP モード、PEEP 5-7、FiO2 0.5 から開始)、SpO2 ≥ 94% 目標。改善不十分または意識レベル低下時は気管挿管+人工呼吸へ移行。
3. 利尿薬: フロセミド 20mg 静注で開始、尿量 100mL/hr 目標、反応不十分なら持続静注へ移行。
4. 血管拡張薬: BP 138/86 と保たれているため、ニトログリセリン 0.5-1 μg/kg/min 持続静注で前負荷軽減 (CS I 適応)、または カルペリチド 0.025 μg/kg/min 併用検討。
5. 変力作用薬: 現時点で末梢灌流保たれ Lactate 2.8 と軽度上昇のみ、ドブタミンは初期不要。たこつぼ症候群では LVOT 閉塞リスクのため変力作用薬は慎重 (心エコーで LVOT 流速確認の上で判断)。
6. 抗菌薬: 肺炎球菌疑いのためアンピシリン/スルバクタム 3g 静注 8 時間ごと開始 (誤嚥カバー含む、CTRX 単剤も選択肢)、培養結果で de-escalation。
7. 鑑別診断確定: 緊急 CAG → 冠動脈狭窄なし確認 + 左室造影で apical ballooning 確認 → たこつぼ症候群確定診断 (InterTAK スコア算出)。
8. たこつぼ症候群への薬物療法: 急性期は β遮断薬 + ACE 阻害薬 (経口開始可能になり次第)、LVEF 改善 (通常 1-4 週) まで継続。LVOT 閉塞合併ありなら β遮断薬優先、変力作用薬は禁忌。
9. 抗血栓療法: たこつぼ症候群では apical 部の壁在血栓リスクあり、心エコーで血栓確認 → あれば抗凝固療法 (ヘパリン → ワーファリンへ)。
10. 骨粗鬆症薬 (アレンドロン酸): 急性期休薬、嚥下障害・絶食期間中は再開しない。
11. 心理社会的支援: 配偶者死別 1 ヶ月の心因性病態関与あり、退院前に精神科 / 心療内科コンサルト、抑うつスクリーニング (PHQ-9 等)、必要なら SSRI 導入検討。地域包括ケア・娘との同居検討も含めソーシャルワーカー介入。
12. 栄養評価: 1 ヶ月の食欲低下で低栄養懸念、Alb 3.6、嚥下機能評価後に経口開始、必要なら NST 介入。
13. 急性期改善後の検査: MRI 心臓 (たこつぼ vs 心筋梗塞鑑別最終確定)、ホルター心電図 (QT 延長監視・致死性不整脈リスク評価)。"
acijpcardio,JC-AMI-S,"【問診記録】
本日午前 6 時 30 分頃、起床後しばらくして突然胸部中央に強い圧迫感が出現。""象に乗られているような"" 重苦しさで、冷汗を伴った。痛みは左肩から左腕内側にかけて放散し、嘔気あり。
症状は持続し、自己判断で安静にしたが軽快せず、午前 7 時 45 分に妻の運転で当院救急外来を受診。
NTG 舌下投与で疼痛は軽減傾向だが完全消失せず。発症から 1 時間 30 分経過。
昨日までは普段通りに勤務、特記すべき体調不良なし。胸痛の既往なし。動悸・失神・呼吸困難なし。
喫煙 20 本/日 × 40 年継続中。3 年前から DM 加療中、HbA1c は最近 7.2%。

【お薬手帳より】
【お薬手帳より】
・アムロジピンベシル酸塩錠 5mg 1錠 朝食後
・メトホルミン塩酸塩錠 500mg 2錠 朝夕食後
・アトルバスタチンカルシウム錠 10mg 1錠 夕食後
服薬コンプライアンス良好、本日朝も内服済。

【診察所見】
意識清明、苦悶様顔貌、冷汗著明。
バイタル: BP 152/94 mmHg (両上肢差なし)、HR 98/min 整、SpO2 96% (room air)、RR 20/min、BT 36.7℃。
胸部聴診: 心音 I/II 整、III音 軽度聴取、収縮期雑音なし、肺音清。
下腿浮腫なし、頸静脈怒張なし。
四肢冷感あり、橈骨動脈・足背動脈触知良好、左右差なし。

【検査結果】
【心電図 (来院時)】
V1-V4 で 2-4mm の ST 上昇、II/III/aVF で軽度 ST 低下 (鏡像変化)。
QRS 0.08 秒、QT 0.40 秒、洞調律 HR 98。

【採血】
WBC 11,200/μL、Hb 14.2 g/dL、Plt 24.5万/μL
CK 845 U/L (↑)、CK-MB 78 U/L (↑)、トロポニン I 12.4 ng/mL (↑↑)
BNP 280 pg/mL、D-dimer 1.2 μg/mL
Na 138、K 4.1、Cl 102、BUN 18、Cr 0.92、eGFR 68
Glucose 168 mg/dL、HbA1c 7.2%、LDL-C 142 mg/dL
CRP 0.4 mg/dL

【胸部 X-p】
心拡大なし (CTR 48%)、肺うっ血所見なし。

【経胸壁心エコー (来院時 emergency echo)】
LVEF 42% (modified Simpson)、前壁中隔 hypokinesis、僧帽弁逆流 軽度、心嚢液なし。","S: 68 歳男性。本日 6 時 30 分頃、起床後に突然の胸部圧迫感が出現。象に乗られているような強い圧迫感で、冷汗・左肩への放散痛・嘔気を伴う。NTG 舌下で軽減傾向も消失せず。発症から約 1.5 時間で当院受診。胸痛既往なし。3 年来 2 型糖尿病加療中 (HbA1c 7.2%)、高血圧・脂質異常症あり。喫煙 20 本/日 × 40 年継続。父に心筋梗塞 (62 歳発症) の家族歴あり。

O: 意識清明、苦悶様顔貌、冷汗著明。BP 152/94 mmHg (両上肢差なし)、HR 98/min 整、SpO2 96% RA、RR 20、BT 36.7。心音 I/II 整、III 音軽度聴取、収縮期雑音なし。肺音清、下腿浮腫・頸静脈怒張なし、四肢冷感あり。
12 誘導心電図: V1-V4 で 2-4mm の ST 上昇、II/III/aVF 鏡像変化、洞調律。
採血: トロポニン I 12.4 ng/mL (高値)、CK 845 / CK-MB 78 (高値)、BNP 280、Cr 0.92。Glucose 168、HbA1c 7.2、LDL 142。
胸部 X-p: 心拡大なし、肺うっ血なし。
経胸壁心エコー: LVEF 42%、前壁中隔 hypokinesis、MR 軽度、心嚢液なし。

A: 急性前壁心筋梗塞 (anterior STEMI)。Killip 分類 II (III 音聴取)。GRACE スコア 142 (中等度〜高リスク)、TIMI スコア 4。発症から 1.5 時間と door-to-balloon time の短縮が予後改善に直結する状況。冠危険因子: 高血圧・2 型糖尿病・脂質異常症・喫煙・家族歴の 5 因子集積、典型的高リスク症例。

P: 1. 緊急冠動脈造影 (CAG) → primary PCI を計画。発症 12 時間以内であり第一選択。
2. 抗血栓療法: アスピリン 200mg 負荷後 100mg/日、クロピドグレル 300mg 負荷後 75mg/日 (DAPT)。ヘパリン 5000 単位静注後、PCI 中 ACT 250-300 秒目標で持続投与。
3. β遮断薬: ビソプロロール 2.5mg/日 開始 (心不全徴候に注意しつつ漸増)。
4. ACE 阻害薬: 血行動態安定後にエナラプリル 2.5mg/日 開始予定 (左室リモデリング抑制)。
5. 高用量スタチン: 既存アトルバスタチンを 20mg/日へ増量。
6. 糖尿病管理: メトホルミン継続 (Cr 0.92 で問題なし)、急性期は血糖モニタリング (目標 140-180 mg/dL)。
7. CCU 入院、心電図モニター下管理、Killip 分類再評価。
8. 禁煙指導 (本人・家族同席)、心臓リハビリテーション計画、退院後 2 次予防外来フォロー。"
acijpcardio,JC-AMI-V,あの すいません 母が今日の昼ごろから なんか調子悪いって言っててで えっと夕方になって急に汗かいて顔色も悪くなって 胃のあたりが重いって 痛いってずっと言ってて で吐き気もあるって 私が来たときにはもう ぐったりしてて それで救急車呼んだんですけど あ そうそう 母は普段から血圧の薬と あと 何だったかな ちょっとお薬手帳が今手元になくて  でも血圧は前から高くてで 腎臓もちょっと悪いって言われてて でその昼ご飯食べたあとぐらいから なんかおかしいって でも本人は胸は痛くないって言うんですよね ただただ胃が重いって言うんで 胃薬飲ませたらいいかなって最初思ってたんですけど 全然良くならなくて で あと骨粗しょう症の薬も飲んでます 一週間に一回の あの 朝起きたときに飲むやつ えっと父はもう亡くなってて 母は一人暮らしで 私は車で 30 分くらいのところに住んでて 普段は週に 2 回くらいしか会えなくて だから今日は本当に たまたま 仕事帰りに様子見に寄ったら このありさまで えーと胸痛いとは言わないんですけど顔色がもう真っ青で 私が見てもこれおかしいって 救急車来てもらってここに連れてきてもらいました タバコは母は吸わないです 全然 父はタバコ吸ってましたけど 母は一度も 結婚してから一度も吸ってない あの 食欲は最近あんまりなかったです 元々細いんですけど もっと食べなくなってて え 今日はお昼にうどん食べたって言ってました それで えっと造影剤って前にちょっとアレルギーみたいになったことあったらしいんですけど もう 10 年以上前なので 詳しくは覚えてなくて あ 救急隊の人が心電図撮ってましたけど なんか異常があるって言ってました,"S: 78 歳女性。長女からの問診。本日昼食 (うどん) 後より体調不良が出現、夕方に冷汗・顔色不良・心窩部重圧感・嘔気が増悪し、長女が立ち寄って発見。本人は ""胸は痛くない、胃が重い"" と訴え。既往: 高血圧、CKD stage 3a、骨粗鬆症。内服: オルメサルタン、アムロジピン、アレンドロン酸 (週 1 回)。喫煙歴なし、飲酒なし、独居。10 年以上前に造影剤で軽度蕁麻疹既往。早発冠動脈疾患の家族歴なし。発症から数時間経過、救急車にて来院。

O: 意識清明だが ぐったりした様子、顔色蒼白、冷汗あり。BP 102/68 mmHg、HR 56/min 整、SpO2 95% RA、RR 22、BT 36.4。心音 I/II 整、雑音なし、肺音清、下腿浮腫なし。腹部平坦・軟、心窩部に軽度圧痛、反跳痛なし。
12 誘導心電図 (救急隊記録 + 来院時): II/III/aVF で 2-3mm の ST 上昇、I/aVL/V1-V3 で鏡像性 ST 低下、HR 56 で軽度徐脈、II/III で Q 波形成中。
採血: トロポニン I 8.6 ng/mL (高値)、CK 412 / CK-MB 38 (高値)、BNP 198、Cr 1.18 / eGFR 38、K 4.4。
胸部 X-p: 心拡大なし、肺うっ血なし。
経胸壁心エコー: 下壁 hypokinesis、LVEF 48%、右室壁運動低下軽度、MR 軽度、心嚢液なし。

A: 急性下壁心筋梗塞 (inferior STEMI)、右室梗塞合併の疑い。Killip 分類 I、GRACE スコア 165 (高齢・腎機能低下による)、TIMI 3。高齢女性に多い atypical 症状 (心窩部痛・嘔気主体、典型的胸痛なし) で初期診断が遅れやすい代表例。徐脈 (HR 56) は下壁梗塞による迷走神経反射 / AV 結節虚血を示唆。CKD stage 3a (eGFR 38) で造影剤腎症リスクあり、過去の造影剤アレルギー既往にも注意。

P: 1. 緊急 CAG → primary PCI を計画。家族 (長女) に造影剤腎症リスク・既往アレルギー対応を説明し同意取得。
2. 造影剤アレルギー対策: ヒドロコルチゾン 200mg 静注、抗ヒスタミン薬前投与。等張造影剤を使用、最小量で実施。
3. 造影剤腎症対策: 等張食塩水補液、PCI 後 24-48 時間 Cr モニタリング。アレンドロン酸は急性期一時休薬。
4. 抗血栓療法: アスピリン 200mg 負荷 → 100mg/日、クロピドグレル 300mg 負荷 → 75mg/日 (高齢のため出血リスク考慮し prasugrel は使用せず)。ヘパリン 4000 単位静注 (低体重・高齢で減量)。
5. 右室梗塞合併の可能性 → 硝酸薬・利尿薬は慎重に (前負荷依存性低血圧の懸念)。
6. β遮断薬: 徐脈・右室梗塞のため急性期は導入見送り、安定後に再評価。
7. ACE 阻害薬 / ARB: オルメサルタンは急性期は減量または一時中止、血行動態安定後に再開。
8. CCU 入院、心電図モニター下、徐脈進行・房室ブロック発症に備え一時ペーシング準備。
9. 長女に独居生活継続の可否、退院後の支援体制 (訪問看護・介護保険申請) を相談。"
acijpcardio,JC-AS-S,"【問診記録】
73 歳男性。半年前から坂道や階段で息切れを自覚し、徐々に増悪。3 ヶ月前に近医受診、心エコーで大動脈弁狭窄症を指摘され当院紹介となった。
1 ヶ月前、自宅近くの公園を散歩中に突然目の前が暗くなり、ベンチに座り込んで意識消失 (約 10 秒間、目撃者あり、舌咬傷・尿失禁なし、けいれんなし)。前駆症状として軽度の動悸あり。失神後の意識回復は速やかで、頭部打撲なし。同日近医で心電図・採血したが新規所見なく経過観察となっていた。
以降は失神再発なし。最近は買い物で 200m 歩くと息切れと軽度胸部圧迫感が出現、立ち止まると数分で軽快。安静時症状なし。起座呼吸・夜間発作性呼吸困難なし、下腿浮腫の自覚なし。
排尿良好、食欲良好、体重変化なし (3 ヶ月で +0.5kg)。
喫煙は 5 年前に禁煙、機会飲酒のみ。ADL 自立、認知機能良好、家事・買い物・服薬管理すべて自己管理。長男夫婦と週 2-3 回会う。
本人は「もう 73 だから手術は怖い、できれば薬で何とかしたい」と話すが、症候性 severe AS と説明したところ「先生にお任せします」と方針決定への協力的姿勢あり。

【お薬手帳より】
【お薬手帳より】
・アムロジピンベシル酸塩錠 5mg 1錠 朝食後 (10 年前から、前医処方)
・ロスバスタチンカルシウム錠 2.5mg 1錠 夕食後 (5 年前から)
・フロセミド錠 20mg 1錠 朝食後 (3 ヶ月前から、息切れに対し前医導入)
服薬コンプライアンス良好、本人がカレンダー管理。
OTC・サプリメント使用なし。

【診察所見】
意識清明、ADL 自立、栄養状態良好、身長 168cm 体重 64kg (BMI 22.7)。
バイタル: BP 138/68 mmHg (両上肢差なし、脈圧 70 大)、HR 72/min 整、SpO2 96% (room air)、RR 16/min、BT 36.5℃。
胸部聴診: 心音 I 正常、II 減弱 (大動脈弁成分減弱)、収縮期駆出性雑音 Levine 4/6 度を 2 音域 (右第 2 肋間胸骨右縁) で最強、頸部 (右頸動脈) へ放散、心尖部にも伝播 (Gallavardin 現象)。III 音・IV 音なし、肺音清。
頸動脈拍動: parvus et tardus (小遅脈)、頸静脈怒張なし。
下腿浮腫なし、四肢冷感なし、橈骨動脈・足背動脈触知良好、左右差なし。
認知機能: MMSE 28/30 (年齢相応)、Clinical Frailty Scale (CFS) 3 (Managing Well、frailty なし〜軽度)。

【検査結果】
【心電図】
洞調律 HR 72、PR 0.18 秒、QRS 0.10 秒、QT 0.42 秒。
V5/V6 で R 波増高、I/aVL で軽度 ST 低下と T 波陰転 (左室肥大による strain pattern)。Sokolow-Lyon 指数 38mm (左室肥大基準を満たす)。
心房細動なし。

【採血】
WBC 6,800、Hb 13.4、Plt 22.0万
AST 24、ALT 22、γ-GTP 28、Alb 4.0、T-Bil 0.8
Na 140、K 4.2、Cl 104、BUN 22、Cr 1.18、eGFR 48
Glucose 102、HbA1c 5.8、LDL-C 88、HDL-C 52、TG 124
BNP 425 pg/mL (高値)、Tnl 0.012 ng/mL (基準内、慢性負荷反映)
CRP 0.1

【胸部 X-p】
CTR 52% (軽度心拡大)、肺血管陰影正常、胸水なし、大動脈弁石灰化陰影あり、上行大動脈軽度拡張。

【経胸壁心エコー】
大動脈弁: 三尖弁、高度石灰化、弁尖開放制限著明。
大動脈弁口面積 (AVA) 0.7 cm² (continuity equation 法)、indexed AVA 0.40 cm²/m²。
Peak velocity 4.5 m/s、Peak PG 81 mmHg、Mean PG 48 mmHg。
LV: 左室壁厚 IVS 13mm / PW 12mm (concentric hypertrophy)、LVEF 62% (保たれた)、E/e' 14 (軽度上昇)。
大動脈弁逆流 trivial、MR mild、TR mild、推定 PASP 32 mmHg。
左房径 42mm (軽度拡大)、心嚢液なし。
→ Severe symptomatic AS、LV systolic function preserved、LV concentric hypertrophy。

【冠動脈 CT (TAVI 前精査として外来で先行施行)】
冠動脈: LAD#7 50% 狭窄 (functional に有意でない)、その他有意狭窄なし、石灰化スコア中等度。
大動脈弁輪径 24.2mm、面積 462mm²、SOV 32mm、Valsalva 高 22mm、冠動脈起始高 (LCA 14mm / RCA 16mm)、TAVI 適応に支障なし。
アクセスルート: 両側総大腿動脈 7.5-8.0mm 径、屈曲・石灰化軽度、経大腿アプローチ可能。

【頸動脈エコー】
両側頸動脈 IMT 軽度肥厚、有意狭窄なし。

【呼吸機能】
%VC 92%、FEV1.0% 78% (年齢相応、COPD なし)。","S: 73 歳男性。半年前からの労作時息切れ増悪、1 ヶ月前に散歩中の失神 (10 秒、前駆動悸あり、舌咬傷・けいれんなし) 1 回、最近は 200m 歩行で息切れと軽度胸部圧迫感。安静時症状なし。既往: 高血圧、脂質異常症 (軽度)、CKD stage 3 (eGFR 48)。内服: アムロジピン、ロスバスタチン、フロセミド (3 ヶ月前から少量)。元喫煙 (5 年前禁煙)、ADL 自立、認知機能良好、独居だが長男夫婦近在。本人は当初手術回避希望も、症候性 severe AS の説明に方針決定協力的。

O: BP 138/68 (脈圧 70 と開大)、HR 72 整、SpO2 96% RA、BMI 22.7。II 音減弱、2 音域で収縮期駆出性雑音 Levine 4/6、頸部・心尖部へ放散 (Gallavardin)、parvus et tardus 脈、下腿浮腫なし。CFS 3、MMSE 28/30。
心電図: 洞調律、左室肥大 (Sokolow 38mm)、I/aVL strain。
採血: BNP 425 (高値)、Cr 1.18 / eGFR 48、Tnl 0.012、Hb 13.4、Alb 4.0。
胸部 X-p: CTR 52、大動脈弁石灰化、肺うっ血なし。
経胸壁心エコー: AVA 0.7 cm² (indexed 0.40)、Peak velocity 4.5 m/s、Mean PG 48 mmHg、Peak PG 81 mmHg、LVEF 62% (保たれた)、concentric LVH (IVS 13/PW 12)、E/e' 14、PASP 32、LA 42mm。AR trivial、MR/TR mild。
冠動脈 CT: LAD#7 50% (非有意)、TAVI 解剖学的指標適合 (弁輪径 24.2mm、両側大腿アプローチ可能)。
頸動脈エコー有意狭窄なし、呼吸機能 COPD なし。

A: 症候性重症大動脈弁狭窄症 (severe symptomatic aortic stenosis)。
指標: AVA 0.7 cm² / indexed 0.40 cm²/m²、Peak velocity 4.5 m/s、Mean PG 48 mmHg → ガイドライン上 severe AS の基準充足。LVEF 62% で保たれた high-gradient severe AS (Stage D1)。
症状: 労作時息切れ・失神既往・労作時胸部圧迫感の AS 古典的三徴のうち 2 徴を満たす。BNP 425 と心負荷上昇あり、無治療では予後不良 (失神症例の 2-3 年生存率 50%)。
手術リスク: STS score 推定 3.5% (低〜中等度)、年齢 73 歳、CFS 3、ADL 自立、認知機能良好、合併症は CKD stage 3 のみで重大な臓器障害なし。
ハートチームでの議論を経て、年齢 75 歳近く・CKD・経大腿アプローチ可能・冠動脈病変軽度の点から TAVI が SAVR に対し非劣性と判断されうる症例。

P: 1. ハートチーム (循環器内科・心臓血管外科・麻酔科・看護師・MSW) カンファレンスで TAVI vs SAVR を協議。本症例は年齢 73、CKD stage 3、frailty なし〜軽度、解剖学的に経大腿アクセス可能、冠動脈病変は機能的に有意でない (LAD 50%) → **TAVI 推奨方針** で家族・本人に IC 予定。
2. 術前評価追加: 経食道心エコー (TEE) で僧帽弁・心房中隔・左心耳評価、フレイル評価追加 (modified Essential Frailty Toolset、握力測定)、嚥下機能・栄養評価。
3. 内服調整: アムロジピン継続 (血圧降下に注意、術直前は確認)、ロスバスタチン継続、フロセミド 20mg は前負荷依存性 AS であり脱水リスクから症状次第で減量・中止検討 (本入院中に是非を判断)。
4. CKD stage 3 対策: 造影 CT 既施行のため新たな造影は最小限、TAVI 当日は等張食塩水補液、Cr 推移フォロー。
5. 抗血栓療法計画: TAVI 後はアスピリン 100mg 単剤を 3-6 ヶ月、AF 出現時は DOAC 切替を検討 (現時点 AF なし)。
6. 失神再発予防: 退院までは病棟内 ADL とし、入浴・排便時の急激な姿勢変換を避けるよう指導。
7. 患者・家族 IC: severe symptomatic AS の自然予後、TAVI と SAVR の利益・リスク (脳梗塞・伝導障害・血管合併症)、術後生活、長男夫婦同席の上で説明予定。
8. 退院後計画: TAVI 施行 → 術後 5-7 日で退院、外来心リハ導入、半年・1 年・以降年 1 回の心エコーフォロー。"
acijpcardio,JC-AS-V,"あの すいません 母を連れてきました 私 娘です えっと 母が この 3 ヶ月で 3 回 倒れて で 1 回目は 1 月の終わり頃で 朝トイレに立ったときに ふらっとなって 玄関でしりもちついて で 2 回目が 2 月の真ん中 デイサービスに行く朝で 着替えていたら 急に 倒れて で 一瞬 意識ない感じで デイの人が呼んで救急搬送されたんですけど そのときは あの 一過性の脳虚血かもしれないって言われて 帰ってきて で 3 回目が 一昨日 4 月 17 日の朝で 私が泊まりに行ってたんですけど 母が 起きてきてお茶を入れようとして 立ち上がった瞬間 倒れて で 私が見てて 一瞬白目になって 10 秒くらいかな 反応なくて で 戻ってきたんですけど 顔色がもう真っ青で 汗かいて それで これは違うと思って 近くの先生に相談したら すぐ大きい病院でって言われて それで 紹介状もらってきました
えーと 母は 88 だったか 86 だったか え あの 86 です 86 で 5 年前に父が亡くなって それからずっと一人暮らしで でも 1 年くらい前から物忘れがひどくなって 認知症って言われて 最近は あの 私の名前は分かるんですけど 孫の名前は あやふやで で この何年か外も出なくなって 買い物も私が週末まとめて持っていくんですけど 冷蔵庫の中身も忘れちゃって 同じもの何度も買ったり ガス止めたか心配で 家を出る前に 何度も確認するみたいで
お薬は えっと 血圧の薬と あと認知症の薬 ドネ なんとかってやつ で骨の薬と 便秘の薬 飲んでます お薬手帳は持ってきました 一応
え 倒れたとき 痛い とかは言わないんですけど 1 回目で腰打ってから 椎体骨折って言われて で 整形で骨粗しょう症の薬出てます
あ そうそう 母 自分では 歳だから倒れるのは仕方ないって言うんですけど あの 最近階段も登れなくて うちは平屋なんで助かるんですけど お風呂上がりに 息が上がるって 言ってて で あの デイサービスでも体操の時間に途中で休むって 職員さんから言われてて
え 食欲も この半年で結構減って 体重も 3 キロくらい減ったかな 元々 50 キロなかったのが 今 45 か 46 くらい
母は 本人は あの 入院は嫌って 言うんですよね 家がいいって もう 86 だし こんな歳で 検査やら手術やら 怖いし 嫌だって ずっと 自分の家で過ごしたいって 私もできるだけそうさせてあげたいんですけど でも倒れて 怪我でもしたら と思うと もう私 仕事もあって 毎日は来られないし
あと えっと 認知症の進行も最近早くて 去年は私の電話も自分でかけてたんですけど 今はもう スマホも操作できなくて で 食事も朝何食べたか 聞いても 思い出せない感じで 火の使い方も 危なくなってきて IH に変えてるんですけど それでも消し忘れがあって
あ で あの 救急隊の人が血圧 すごい低かったって言ってて 上が 90 切ってるって で 心電図でも あの 何か雑音 心臓に雑音があるって言われたみたいで
失礼しました 母 あ ちょっと聞こえてないみたいで 補聴器 今日忘れてきちゃって すみません ええ 母 自分のことなのに もう 任せるって言って さっきから黙ってるんですけど 一応本人にも聞きながら やってほしいんですけど あの 全部私が決めるのも 違うかなって思って 母 あなたどうしたい?  ・・・(返答なし) ・・・あ ね 先生に お任せするって うん だから 先生 本当に これからどうしたらいいか一緒に考えてほしいんです 手術するにしても しないにしても 母にとって何が一番いいか","S: 86 歳女性、独居、要支援 2。娘 (隣市在住) からの問診中心、本人は補聴器忘れと認知症で発話少。3 ヶ月で 3 回の失神 (1 月末トイレ立位時、2 月中旬着替え中で救急搬送 (TIA 疑いで帰宅)、4 月 17 日早朝立ち上がり時で 10 秒間意識消失・顔面蒼白・冷汗あり、娘目撃)。労作時息切れ (入浴後)・食欲低下・体重減少 3kg/半年・外出機会減少。最近 1 年で認知症進行 (孫名前不確、スマホ操作不能、ガス消し忘れあり)。既往: 高血圧、認知症、椎体圧迫骨折・骨粗鬆症。内服: アムロジピン、ドネペジル、エルデカルシトール、酸化マグネシウム。喫煙・飲酒なし。本人「入院・手術は嫌、家がいい」、娘「家で過ごさせたいが、怪我が心配で毎日は来られない、本人にとって一番いい方針を一緒に考えてほしい」と SDM 希望。

O: 意識清明 (本人), 認知症進行で発話少。BP 92/58 mmHg (来院時)、HR 70/min 整、SpO2 95% RA、RR 18、BT 36.3、身長 152cm 体重 45kg (BMI 19.5、半年で 3kg 減)。脈圧 34 と狭小、parvus et tardus 脈。
胸部聴診: 心音 II 著明減弱、収縮期駆出性雑音 Levine 4/6 を 2 音域 (右第 2 肋間胸骨右縁) で最強、頸部へ放散。III 音・IV 音なし、肺音清。下腿浮腫なし、頸静脈怒張なし。
認知機能: MMSE 21/30 (軽度〜中等度認知症)、Clinical Frailty Scale (CFS) 6 (Moderately Frail、買い物・調理に介助必要、入浴自立)、握力 R 13kg / L 12kg (低値)、modified Essential Frailty Toolset 中等度〜高度。
心電図: 洞調律 HR 70、左室肥大 (Sokolow-Lyon 36mm)、I/aVL/V5-V6 strain pattern、AF なし。
採血: BNP 612 pg/mL (高値)、Tnl 0.018 (基準内)、Cr 0.92 / eGFR 48、Hb 11.2 (軽度貧血)、Alb 3.4 (低栄養傾向)、HbA1c 5.6、LDL-C 96。
胸部 X-p: CTR 54%、大動脈弁石灰化、肺うっ血なし、椎体圧迫骨折既存陰影あり。
経胸壁心エコー: 大動脈弁高度石灰化・三尖弁、AVA 0.6 cm²、indexed AVA 0.42 cm²/m²、Peak velocity 4.6 m/s、Peak PG 85 mmHg、Mean PG 50 mmHg、LVEF 60% (保たれた)、concentric LVH (IVS 12 / PW 11)、E/e' 17 (上昇)、AR trivial、MR mild、TR mild、PASP 38、LA 44mm → severe symptomatic AS、LV 拡張障害あり。

A: 症候性重症大動脈弁狭窄症 (severe symptomatic AS、Stage D1)、繰り返す失神を伴う高リスク症例。
指標: AVA 0.6 cm² / indexed 0.42、Peak velocity 4.6 m/s、Mean PG 50 mmHg → severe AS 確定。LVEF 60% で high-gradient severe AS。BNP 612 と心負荷上昇。
症状: 失神 3 回 / 労作時息切れ / 食欲低下 → AS 三徴を完全に満たし、無治療では予後極めて不良 (失神症例の 2 年生存率 50%)。
手術リスク評価: 年齢 86 歳、STS score 推定 8-10% (高リスク)、CFS 6 (Moderately Frail)、MMSE 21 (軽度〜中等度認知症)、Alb 3.4・体重減少・サルコペニアの低栄養とフレイル合併。
方針判断: 標準的には SAVR は高フレイル・高齢で適応外、TAVI は技術的に施行可能だが「術後 1-2 年の余命延長」と「認知症進行・退院後 ADL 維持の困難・本人の入院拒否」をどう天秤にかけるかが論点。本人意思 (家で過ごしたい) と娘の SDM 要望を尊重し、医学的最善 (TAVI で予後改善期待) と価値観に基づく最善 (在宅 QOL 維持) を統合する判断が必須。負の論拠として、TAVI 後譫妄・感染・廃用で認知症急性増悪し家族介護負担増大の可能性、補聴器忘れ・認知症で術中・術後協力が困難な点、退院後の本人主体の服薬管理 (DOAC/抗血小板) が現実的に困難な点。

P: 1. **入院方針**: 本入院では (a) TAVI 適応評価 + (b) frailty・栄養・認知機能の客観評価 + (c) 失神原因の確定 (心源性 vs 起立性 vs 反射性) + (d) 家族との SDM を進める。即手術決定はしない。
2. 失神精査追加: ホルター心電図 (24 時間 +) で徐脈・房室ブロック・VT 評価、起立試験 (シェロング) で起立性低血圧確認、頭部 MRI で脳血管病変 (家族が 2 月の搬送時 TIA と聞いた経緯あり)。
3. 内服調整: アムロジピン 2.5mg 中止または減量検討 (BP 92/58 と低値、AS 前負荷依存性、起立性低血圧助長の懸念)、ドネペジル継続、エルデカルシトール継続、酸化マグネシウム継続。利尿薬は元々入っておらず追加せず (前負荷依存性のため)。
4. 栄養介入: NST コンサルト、Alb 3.4・BMI 19.5・半年で 3kg 減 → 経口栄養補助 (ONS) 開始、嚥下スクリーニング、食欲低下の精査。
5. ハートチームカンファレンス: 循環器内科・心臓血管外科・麻酔科・老年内科・看護師・MSW・娘同席で開催予定。論点 = (a) TAVI 施行 (経大腿アクセス前提、frailty 高で術後 ADL 低下リスク説明) vs (b) 保存的方針 (緩和的薬物療法、失神再発時のリスク受容) の利益・不利益を提示。
6. **SDM (shared decision making)**: 本人 (補聴器持参・短時間で平易な日本語) + 娘 + 必要なら親族同席で 2 回以上の面談を予定。提示内容: 自然予後 (1 年以内 50% 死亡リスクの可能性)、TAVI による症状緩和・予後改善期待 (1-2 年余命延長エビデンス)、TAVI のリスク (脳梗塞・伝導障害・血管合併症・術後譫妄)、保存的方針の意味 (急変・転倒骨折リスクを許容しつつ在宅 QOL 優先、訪問診療・訪問看護導入で支える)、認知症経過予測。本人の ""家がいい""・娘の ""母にとって一番いいことを"" の表明を最重要視し、医学的最適と価値観の統合を図る。
7. 安全対策 (方針決定前): 入院中は転倒予防 (失神を理由にベッド柵・呼出ボタン教育)、認知症ケア (環境変化負担に配慮、見当識支援、補聴器確保)、夜間譫妄リスク評価。
8. 保存的方針となった場合の準備: 訪問診療医・訪問看護導入、ケアマネ・娘との退院前カンファレンス、急変時の意思決定 (DNAR 含む) を事前に話し合い、緊急連絡体制構築、デイサービス継続調整。
9. TAVI 方針となった場合の準備: 術前リハビリで筋力維持、栄養強化、術後譫妄対策 (家族付き添い時間延長、見当識手がかり)、術後早期離床と短期回復期リハ。"
acijpcardio,JC-CA-S,"【問診記録】
76 歳男性。半年前から階段昇降や買い物時の息切れを自覚、徐々に増悪し、最近は 100m 平地歩行でも休憩を要するようになった。両下腿の浮腫も出現、靴下の跡が深く残る。夜間に 2-3 回排尿で起きる。
近医で心不全疑いとしてフロセミド 20mg/日が処方され浮腫は軽減したが、息切れは残存。心電図と心エコーで心肥厚と低電位を指摘され、当科紹介となった。
胸痛・失神・動悸の自覚はなし。発作性心房細動があり 2 年前からアピキサバン内服中。
5 年前に両手のしびれ・痺れ感で整形外科を受診し、両側手根管症候群と診断、両側手術を施行。3 年前から腰下肢痛で腰部脊柱管狭窄症の診断、現在は保存療法 (プレガバリン) で経過観察中。
血圧はもともと 140 台で推移していたが、ここ 1 年は 110 台に低下しており、降圧薬 (アムロジピン 5mg) は維持。家族歴に明らかな心アミロイドーシスや末梢神経疾患はない。

【お薬手帳より】
【お薬手帳より】
・アムロジピンベシル酸塩錠 5mg 1錠 朝食後
・アピキサバン錠 5mg 1錠 朝夕食後 (発作性心房細動に対して)
・プレガバリン OD 錠 25mg 1錠 就寝前
・フロセミド錠 20mg 1錠 朝食後 (近医 3 ヶ月前から追加)
服薬コンプライアンス良好。サプリメント・市販薬の常用なし。

【診察所見】
意識清明、顔貌穏やか、軽度の労作時呼吸困難 (mMRC grade 2)。
バイタル: BP 108/64 mmHg、HR 78/min 整、SpO2 95% (room air)、RR 18/min、BT 36.5℃。
起立性血圧変動: 立位 1 分で BP 92/60、3 分で 88/58 (+15 sec で軽度ふらつき自覚、起立性低血圧あり)。
胸部聴診: 心音 I/II 整、IV 音聴取、収縮期駆出性雑音 Levine I/VI 心尖部、肺音は両側肺底部に fine crackles 軽度。
頸静脈怒張あり (45 度坐位で耳朶レベル)、肝腫大あり (右肋骨下 2 横指)。
下腿浮腫: 両側脛骨前面に圧痕性浮腫 (++)。
両手: 手根管術後瘢痕あり、Tinel 徴候陰性。両下肢に軽度の振動覚低下、深部腱反射 アキレス腱反射 両側減弱。

【検査結果】
【心電図 (来院時)】
洞調律 HR 78、四肢誘導の低電位 (R 波最大 4mm)、V1-V3 で R 波増高不良の偽梗塞パターン (pseudo-infarct pattern)、QRS 幅 0.10 秒、PR 0.20 秒、QTc 0.43 秒。

【採血】
WBC 6,400/μL、Hb 12.8 g/dL、Plt 22.1万/μL
AST 32、ALT 28、γ-GTP 48、T-Bil 1.1、ALP 240
Na 138、K 4.0、Cl 102、BUN 24、Cr 1.08、eGFR 52
BNP 612 pg/mL、NT-proBNP 4,520 pg/mL
トロポニン I 0.06 ng/mL (高感度法、基準上限 0.04)
TSH 1.8、Free-T4 1.2 (正常)
HbA1c 5.8、LDL-C 98、CRP 0.3

【M 蛋白同定 (AL 除外目的)】
血清免疫固定電気泳動: M 蛋白 検出されず
尿免疫固定電気泳動: Bence-Jones 蛋白 検出されず
血清遊離軽鎖 (FLC): κ 12.4 mg/L、λ 14.8 mg/L、κ/λ 比 0.84 (正常範囲 0.26-1.65)
→ AL アミロイドーシス除外

【胸部 X-p】
心拡大 軽度 (CTR 53%)、両側肺うっ血 軽度、肋骨横隔膜角は鋭。

【経胸壁心エコー】
左室同心性肥厚 (IVS 16mm、PW 15mm、LVMI 162 g/m2、relative wall thickness 0.52)、LVEF 58% (modified Simpson)、左室拡張障害 grade III (制限性パターン、E/A 2.4、E/e' 22)、心房径両側拡大 (LA 48mm、RA 中等度)、右室壁肥厚 7mm、心嚢液 微量、僧帽弁逆流 軽度。
speckle pattern を心筋に認め、global longitudinal strain (GLS) -10.2% で apical sparing pattern (apex GLS -16.8%、basal GLS -7.4%、apical-to-basal ratio 2.27、cutoff > 2.1)。

【99mTc-PYP シンチグラフィ (心筋シンチ)】
3 時間後 H/CL 比 1.62、Perugia visual score grade 3 (心臓集積 > 肋骨集積)。
→ ATTR 心アミロイドーシスを強く示唆。

【遺伝子検査 (TTR 遺伝子)】
外注検査依頼中、結果は数週間後。臨床的には wild-type ATTR-CA を強く疑う (高齢男性、家族歴なし、両側手根管症候群既往、腰部脊柱管狭窄症既往)。","S: 76 歳男性。半年前から労作時息切れが進行性に増悪、現在は平地 100m 歩行で休憩を要する。下腿浮腫・易疲労感・夜間頻尿を伴う。胸痛・失神・動悸なし。近医でフロセミド 20mg 開始後、浮腫は軽減も息切れ残存。発作性心房細動でアピキサバン内服中。5 年前に両側手根管症候群で手術歴、3 年前に腰部脊柱管狭窄症で保存療法中。血圧はここ 1 年で 140 台から 110 台に低下。家族歴に明らかな心アミロイドーシス・末梢神経疾患なし。

O: 意識清明、mMRC grade 2 の労作時呼吸困難。BP 108/64 mmHg、HR 78/min 整、SpO2 95% RA、RR 18、BT 36.5。起立試験で立位 3 分時 88/58 と起立性低血圧あり。心音 I/II 整、IV 音聴取、Levine I/VI 心尖部収縮期雑音。頸静脈怒張あり、肝腫大 2 横指、両下腿圧痕性浮腫 (++)。両下肢の振動覚低下、アキレス腱反射減弱。
12 誘導心電図: 四肢誘導低電位、V1-V3 R 波増高不良の偽梗塞パターン、洞調律。
採血: BNP 612、NT-proBNP 4,520、高感度トロポニン I 0.06 (軽度上昇)、Cr 1.08 / eGFR 52、HbA1c 5.8。
血清・尿免疫固定電気泳動: M 蛋白陰性。血清 FLC κ/λ 比 0.84 で正常範囲、AL アミロイドーシス除外。
胸部 X-p: CTR 53%、軽度肺うっ血。
心エコー: 同心性 LV 肥厚 (IVS 16mm、PW 15mm、LVMI 162 g/m2)、LVEF 58%、拡張障害 grade III (E/e' 22)、両心房拡大、右室壁肥厚、心筋に speckle pattern、GLS -10.2% で apical sparing pattern (apical-to-basal ratio 2.27)。
99mTc-PYP シンチグラフィ: H/CL 比 1.62、Perugia grade 3 で陽性。
→ ATTR 心アミロイドーシスを強く示唆。

A: 心アミロイドーシス、野生型トランスサイレチン型 (wild-type ATTR-CA) と診断。HFpEF (LVEF 58% 保持) として顕在化。NYHA II-III、NT-proBNP 4,520 pg/mL、軽度トロポニン上昇、高齢男性、両側手根管症候群既往 (5 年前)、腰部脊柱管狭窄症既往、近年の血圧低下傾向、四肢低電位 + 偽梗塞パターン、心エコーの apical sparing pattern、PYP Perugia grade 3 と red flag が複数集積。M 蛋白陰性 + FLC 正常範囲で AL アミロイドーシスは除外済。家族歴を欠き臨床像は典型的に wild-type ATTR (TTR 遺伝子検査結果待ちで最終確定)。並存する発作性心房細動はアミロイド心筋による心房筋障害が背景と推測される。
NAC ステージング: NT-proBNP 4,520 pg/mL (cutoff 3,000)、Tnl 0.06 (cutoff 0.05) でいずれも閾値超過、eGFR 52 → NAC stage III 相当。

P: 1. タファミディス (61mg 軟カプセル 1 錠/日) 開始。ATTR-CA に対する疾患修飾薬として保険適応あり (野生型・遺伝性いずれも)。NAC stage III までは予後改善効果のエビデンスあり。導入入院中に副作用 (消化器症状) と肝機能をモニタリング。
2. 心不全治療: フロセミド 20mg を維持し体液管理。BNP・体重・浮腫を指標に微調整。前負荷依存性のため過剰利尿は避ける (起立性低血圧・低拍出を悪化させる)。
3. ACE 阻害薬・ARB・β遮断薬は心アミロイドーシスでは慎重投与。前負荷依存性低血圧と AV 結節伝導障害のリスクあり、本症例の起立性低血圧と血圧低下傾向を考慮し原則使用しない方針。
4. 心房細動の塞栓予防: アピキサバン 5mg 2 回/日 を継続。Cr 1.08・年齢 76 歳・体重次第で減量基準該当の可能性あり再確認。アミロイド心では CHA2DS2-VASc に関わらず抗凝固療法を推奨。
5. 起立性低血圧対策: 弾性ストッキング、ゆっくりとした起立、十分な水分塩分摂取の指導。重症化時はミドドリン少量考慮。
6. 不整脈管理: 入院中に Holter 心電図で AF 発作頻度・房室伝導・徐脈性不整脈を評価。ペースメーカー適応有無を確認。
7. 遺伝子検査 (TTR) 結果確認後、wild-type 確定 / 遺伝性 (ATTRv) かを最終診断。遺伝性であれば家族スクリーニング + 遺伝カウンセリングを検討。
8. 多臓器評価: 自律神経障害症状 (起立性低血圧、便通異常)、末梢神経障害 (現在の振動覚低下) のフォロー、消化器・腎・整形外科併診。
9. 心臓リハビリ・栄養指導 (低塩、適切蛋白)、家族同席で疾患説明と長期予後 (タファミディス 30 ヶ月時点で総死亡 30% 減) を共有。"
acijpcardio,JC-CA-V,あの すいません 息子です 母を連れて来ました えっとですね 母はもともと あの FAP って 神経内科の方で診てもらってる病気が あって 8 年前に診断されてもう ええと TTR の Val30Met っていう 遺伝子のやつで 母方の祖母も同じ病気で あ 違う 母の母 つまり私の祖母じゃなくて 母方の あの えっと母のお母さんが同じ病気で 60 代の後半に心臓で亡くなって で 母の兄も同じ病気で 今 73 歳で あの ブトリシラン だったかな 注射を半年に 1 回 打ってもらってる で 母は 3 年前くらいから ええと タファミディスっていう カプセルを飲んでてで それでまあ 神経の症状は ある程度 進行は 抑えられて はいるんですけど 最近 心臓の方が 悪くなってきたって言われて 神経の先生から 循環器の先生にも 診てもらった方がいいって 言われて 来ました ([本人] あ あ あの 最近 ね 息が ね 切れて) はい母も話したいって言ってるので 母どうぞ ([本人 やや不明瞭] 最近 ね その 階段とかは もう 全然 ダメで で あ 平らなとこも 少し 歩くと もう 息が しん しんどくなって で あの 立ち上がるときに 目の前が 真っ白に なって この 1 ヶ月に 2 回 倒れた えっと ソファから立ち上がるときと あと トイレ から 立ち上がるとき で でも 怪我は しなかった 息子が ね 受け止めてくれて) 受け止めたっていうか そばにいて 支えたんですけど あの 完全に意識が無くなった訳ではなくて こう スッと崩れる感じで でも 30 秒ぐらい うつろになって で 横にしたら すぐ戻ったんですけど はい それで 神経の先生にも 報告したら これは 心臓で 不整脈とか 起立性低血圧の 悪化とか いろいろあるから 早めに 循環器に行ってって 言われて で あと 体重が 1 ヶ月で 3 キロ ぐらい 減ってて 食欲は あの あんまり ないみたいで でも 食べると 下痢したり 逆に 便秘になったり して もう ずっと そうなんですけど 最近 ひどくなってる ([本人] うん トイレ も 困る) はい あの 夜中に 何回も トイレ 起きるって 言ってて で 足の むくみも すごくて 靴下の跡が ずっと 残るって 母が言ってます えっと 普段の 薬 ですけど ちょっと 待ってください あの お薬手帳 ありますね タファミディス えっと 61mg のカプセルを 1 日 1 回 朝 で あと ミドドリン って言う 血圧 上げる 薬を 朝と昼に 4mg を 2 錠 ずつ で マグネシウムの 便秘の薬と あと 神経の痛みの プレガバリン あと あ あと 心房細動も 言われてて アピキサバン 2.5mg を 朝晩 飲んでます 不整脈は 動悸とかは あんまり 自覚は ないみたいですけど 検診で 引っかかって もう 2 年ぐらいになるかな で その先生に 慎重に 出してもらってる 量 だって 言われてました ええと 母は 元々 小学校の 教員 で 退職してから 神経の症状が 進んできて 今は 家の中は 歩行器で 移動して 外は 車椅子です ご飯と トイレは 何とか 自分で やって くれて ますけど お風呂は 私か 嫁が 介助してます ([本人] 迷惑 かけて) いや そんなことは 妻と話してて この まま 家で 診ていくか グループホームとか 考えるか って いうのも 議論 してる ところで で あ そうそう 神経の先生には ええと 最近 タファミディス だけじゃ もう 進行 抑え きれて ない から ブトリシラン とか パチシラン とか そういう 注射の 治療に 切り替える 話も 出てる ん ですけど それは 心臓の 状態を 見てから だって 言われて で それで 今日 来ました あの 母は 薬の アレルギー が ペニシリン で 皮疹 出たことが あるって 母 が 言ってました ([本人] 子供の頃 ね) はい えっと たばこ お酒 は 一切 やらない 人 で あ そうそう 1 年前 に 足が 蜂窩織炎 で 入院 した ことが あって その時に 心エコー で LVEF が 50 % くらい だったって 言われ ました で 今回 神経 の 先生 が 撮った エコー では もっと 下がってる らしくて はい 以上 です 何か 他に 必要 な 情報 が あれば お聞き ください,"S: 71 歳女性。息子主体の問診 (本人発話あり、神経症状で発話やや不明瞭)。8 年前に家族性アミロイドポリニューロパチー (FAP、TTR Val30Met 遺伝子確定) と診断、3 年前からタファミディス 61mg/日内服中。家族歴: 母が同病で 60 歳代後半に心不全で死亡、兄 (73 歳) も同病で vutrisiran 内服中、妹は遺伝子保因者、息子 2 人のうち 1 人は遺伝子陰性確認済。
直近 1-2 ヶ月で労作時息切れの増悪 (階段不可、平地少し歩行で息切れ)、立ちくらみ強くなりこの 1 ヶ月で 2 回の失神様症状 (ソファ・トイレからの立ち上がり時、30 秒程度の意識朦朧、外傷なし)。1 ヶ月で 3kg 体重減少、食欲低下、便秘下痢交代、夜間頻尿、両下腿の圧痕性浮腫。神経内科主治医からの紹介で来院。
発作性心房細動 (2 年前指摘) でアピキサバン 2.5mg 2 回/日内服中、減量基準は厳密には該当しないが慎重投与。1 年前に下肢蜂窩織炎で入院歴あり、その時の心エコーで LVEF 50% 台。今回神経内科で撮像した心エコーで LVEF 低下を指摘、tafamidis 単独では進行抑え切れずパチシランまたはブトリシランへの切替検討中、心臓状態評価後決定の方針。ペニシリンアレルギー (皮疹) あり。屋内 ADL 歩行器、屋外車椅子、息子家族と同居、長男が主介助者。

O: 意識清明だが構音不明瞭、軽度の労作時呼吸困難 (mMRC grade 3)。BP (臥位) 102/62 mmHg、HR 64/min 整、SpO2 94% RA、RR 20、BT 36.4。起立試験で立位 1 分 78/52、3 分 70/48、強い立ちくらみ自覚 (顕著な起立性低血圧)。
身体所見: 頸静脈怒張あり、心音 I/II 整、IV 音聴取、肺音は両側肺底部に fine crackles。両下腿圧痕性浮腫 (++)、肝 2 横指触知。神経学的には両下肢遠位優位の sensory/motor 障害 (筋力 MMT 3-4)、深部腱反射消失、振動覚低下、足底感覚低下。
12 誘導心電図: 四肢誘導低電位、V1-V4 偽梗塞パターン (R 波増高不良)、洞調律 HR 64、PR 0.22 秒 (1 度房室ブロック)。
採血: BNP 1,840 pg/mL (前回 720 から増悪)、NT-proBNP 9,200、高感度 Tnl 0.09、Cr 1.32 / eGFR 38 (前回 45 から低下)、Alb 3.4、Hb 11.6、TSH 1.6、HbA1c 5.4。
血清・尿免疫固定電気泳動: M 蛋白陰性 (既知 ATTRv のため AL 再除外)、FLC κ/λ 比正常範囲。
胸部 X-p: CTR 56% 増大、両側肺うっ血増悪。
心エコー: 同心性 LV 肥厚進行 (IVS 17mm、PW 16mm、LVMI 178 g/m2)、LVEF 38% (前回 50% → 12% 低下)、wall motion global hypokinesis、拡張障害 grade III、両心房高度拡大 (LA 54mm)、右室壁肥厚 8mm + 軽度収縮低下、TR 中等度、肺動脈収縮期圧 推定 48 mmHg、心嚢液 微量、apical sparing pattern は不明瞭化 (進行例で典型像が崩れている)。
99mTc-PYP シンチグラフィ (8 年前所見): Perugia grade 3 (既存記録)、今回再施行は不要と判断。
TTR 遺伝子検査: Val30Met (既知、確定済)。
NAC ステージング: NT-proBNP 9,200 + Tnl 0.09 + eGFR 38 → NAC stage III-IV 相当 (極めて進行)。

A: 心アミロイドーシス、遺伝性トランスサイレチン型 (ATTRv、TTR Val30Met、家族性アミロイドポリニューロパチー)。心病変進行による収縮機能低下 (LVEF 50% → 38%)、HFrEF へ移行、NYHA III-IV。BNP 倍増 + Tnl 上昇 + 腎機能低下と多臓器悪化を伴う。NAC stage III-IV 相当。タファミディス 3 年継続中も病勢進行を抑え切れず、第二世代の TTR サイレンサー (siRNA: パチシラン / ブトリシラン、antisense oligonucleotide: イノテルセン) への治療切替適応と判断。
顕著な起立性低血圧 + 失神様症状は自律神経障害悪化と低拍出 (LVEF 38%) の合併、PR 0.22 秒の 1 度房室ブロックも重なり徐脈性失神の可能性も否定できず Holter 評価が必要。アミロイド心の心房細動はアピキサバン継続で抗凝固維持。神経症状は両下肢の sensory/motor 障害が進行、屋内歩行器・屋外車椅子で介護負担増大、家族介護体制 (長男主介助) も限界に近い。

P: 1. ブトリシラン (vutrisiran) 25mg を 3 ヶ月に 1 回皮下注射、または パチシラン (patisiran) 0.3 mg/kg を 3 週間に 1 回点滴静注のいずれかへ治療切替を検討。本人 / 家族と利便性 (vutrisiran は皮下注で外来通院少、patisiran は点滴で前投薬必要) を相談、ブトリシランへの切替を第一候補とする。タファミディスは切替時点で中止 (併用は推奨されない)。
2. 切替前評価: 投与開始前にビタミン A レベル測定 (siRNA は TTR を介して血中ビタミン A を低下させるためサプリメント補充計画)、肝機能、腎機能、神経症状ベースライン評価。
3. HFrEF 治療の注意点: アミロイド心では従来の HFrEF 治療 4 本柱 (ACE-I/ARB/ARNI、β遮断、MRA、SGLT2 阻害薬) のうち β遮断薬・ACE-I/ARB は前負荷依存性低血圧と AV 伝導悪化のため原則非使用。SGLT2 阻害薬 (ダパグリフロジン 10mg/日 等) はアミロイド心でも HFrEF として有効性が報告されつつあり、起立性低血圧悪化に注意し慎重導入を検討。MRA (スピロノラクトン 12.5-25mg) は腎機能 (eGFR 38) と K に注意し低用量で考慮。
4. 利尿: フロセミド少量 (10-20mg/日) を導入、過剰利尿による低拍出・前負荷低下を回避、体重・BNP・Cr を密にモニタリング。アゾセミド・トラセミドへの切替も視野。
5. 起立性低血圧対策強化: ミドドリンを 4mg 朝昼から 4mg 朝昼夕の 3 回投与へ増量検討。十分な水分塩分摂取 (浮腫と相反するため微調整)、弾性ストッキング、起立は段階的に。難治例にはドロキシドパ (ノルアドレナリン前駆体) 100mg 1 日 3 回も選択肢。
6. 不整脈評価: 入院中 24 時間 Holter で発作性 AF 頻度・心室性不整脈・徐脈性不整脈・房室伝導を確認。1 度房室ブロック (PR 0.22) があり、症候性徐脈や高度ブロック進行時はペースメーカー適応 (アミロイド心では伝導系線維化進行が典型)。
7. 抗凝固: アピキサバン 2.5mg 2 回/日継続。Cr 1.32 へ悪化しているが減量基準 (80 歳以上 + 体重 ≤ 60kg + Cr ≥ 1.5 のうち 2 項目該当) は満たさず、現量で継続、腎機能フォロー。アミロイド心の AF は CHA2DS2-VASc 関係なく抗凝固。
8. 遺伝カウンセリングと家族スクリーニング: 兄は既に同病、妹は保因者既知、未検査の息子に検査機会を再提示 (本人意向次第)、孫世代への遺伝情報提供をソーシャルワーカー同席で実施。
9. 多職種介入: 神経内科主治医と連携し神経症状フォロー、リハビリ (PT/OT) で ADL 維持、栄養指導 (低塩・蛋白)、MSW で介護保険区分変更・グループホーム / 訪問介護導入相談 (家族希望)、緩和ケア視点での今後の意思決定支援 (DNR / 心室不整脈時のショック適応など) を本人・家族と段階的に。
10. ペニシリンアレルギーを記録、感染時はペニシリン系・セフェム交差反応に留意 (1 年前蜂窩織炎時の抗菌薬選択は引き継ぎ確認)。"
acijpcardio,JC-CHF-S,"【問診記録】
67 歳男性。3 年前に拡張型心筋症 + HFrEF (LVEF 30%) の診断で当科加療中。以後、サクビトリルバルサルタン (ARNI)・ビソプロロール・スピロノラクトン (MRA) の 3 剤を順次目標用量まで漸増し、現在は NYHA II で安定。フロセミド 20mg/日 でうっ血コントロール良好、過去 6 ヶ月間体重変動 ±1kg 以内、入院歴なし。
直近 3 ヶ月の外来で BNP 280→245→220 pg/mL と緩徐に低下、心エコーで LVEF 30→32% と軽度改善傾向。本人より ""階段で少し息切れするが日常生活は問題なし""。
糖尿病は HbA1c 6.8% で良好、CKD は eGFR 58 で stage 2 後半-stage 3a 境界。
本日、fantastic four の最後の 1 剤である SGLT2 阻害薬 (ダパグリフロジン) 新規導入目的で 1-2 日の予定入院。導入後 24 時間の腎機能モニタリングと、糖尿病合併ゆえ血糖変動 (特に euglycemic DKA リスク) を観察し、安定確認後に外来フォロー継続予定。
本人は導入の意義を理解、妻も同席で説明済。

【お薬手帳より】
【お薬手帳より】
・サクビトリルバルサルタンナトリウム水和物錠 100mg 2 錠 朝夕食後 (ARNI、目標 200mg×2/日 までは未到達)
・ビソプロロールフマル酸塩錠 5mg 1 錠 朝食後 (β遮断薬、目標用量到達)
・スピロノラクトン錠 25mg 1 錠 朝食後 (MRA、目標用量到達)
・フロセミド錠 20mg 1 錠 朝食後 (ループ利尿薬)
・メトホルミン塩酸塩錠 500mg 2 錠 朝夕食後 (糖尿病)
・アトルバスタチンカルシウム錠 10mg 1 錠 夕食後 (脂質異常症)
服薬コンプライアンス良好、自己管理。本日朝も内服済。

【診察所見】
意識清明、見た目年齢相応、苦悶なし。
バイタル: BP 118/72 mmHg、HR 62/min 整、SpO2 97% (room air)、RR 16/min、BT 36.5℃、体重 68.4 kg (前回外来比 +0.3 kg)。
胸部聴診: 心音 I/II 整、III 音 軽度聴取 (慢性的に同所見)、収縮期雑音なし、肺音清・ラ音なし。
下腿浮腫なし、頸静脈怒張なし、肝頸静脈逆流なし。
四肢冷感なし、橈骨動脈・足背動脈触知良好、左右差なし。

【検査結果】
【心電図 (入院時)】
洞調律 HR 62、QRS 0.10 秒 (左脚ブロックなし)、QTc 0.42 秒、ST-T 異常なし。

【採血】
WBC 6,400/μL、Hb 13.8 g/dL、Plt 21.0万/μL
Na 139、K 4.4、Cl 103、BUN 22、Cr 1.18、eGFR 58
Glucose 132 mg/dL、HbA1c 6.8%、LDL-C 88 mg/dL、HDL-C 48、TG 142
BNP 220 pg/mL (3 ヶ月前 245)、トロポニン I 0.02 ng/mL (基準内)
AST 28、ALT 24、ALP 78、CRP 0.1 mg/dL
尿検査: 蛋白 (-)、糖 (-)、ケトン (-)

【胸部 X-p】
CTR 52%、肺うっ血なし、胸水なし。前回 (3 ヶ月前 CTR 53%) と著変なし。

【経胸壁心エコー (入院時)】
LVEF 32% (modified Simpson、3 ヶ月前 30% より軽度改善)、LVDd 62mm、LVDs 50mm、左室全体的 hypokinesis、僧帽弁逆流 軽度、三尖弁逆流軽度 (TRPG 28 mmHg)、下大静脈 14mm 呼吸性変動あり、心嚢液なし。","S: 67 歳男性。3 年前に拡張型心筋症 + HFrEF (LVEF 30%) で当科加療開始。サクビトリルバルサルタン・ビソプロロール・スピロノラクトンを順次目標用量まで漸増、フロセミド 20mg でうっ血コントロール良好。NYHA II、過去 6 ヶ月体重変動 ±1kg 以内、入院歴なし。BNP 280→245→220 と緩徐低下、LVEF 30→32% と軽度改善傾向。糖尿病 (HbA1c 6.8%)、CKD stage 2-3 (eGFR 58)、脂質異常症併存。本日 fantastic four 最後の 1 剤 SGLT2 阻害薬 (ダパグリフロジン) 新規導入目的で 1-2 日の予定入院。本人・妻ともに導入の意義を理解。

O: 意識清明、苦悶なし。BP 118/72、HR 62 整、SpO2 97% RA、RR 16、BT 36.5、体重 68.4 kg (前回 +0.3)。心音 I/II 整、III 音軽度聴取 (慢性所見)、雑音なし。肺音清、下腿浮腫・頸静脈怒張なし。
12 誘導心電図: 洞調律 HR 62、QRS 0.10 秒、ST-T 異常なし。
採血: BNP 220 pg/mL (前回 245)、Cr 1.18 / eGFR 58、Na 139、K 4.4、Glucose 132、HbA1c 6.8、LDL 88、トロポニン I 0.02 (基準内)。尿: 蛋白・糖・ケトン (-)。
胸部 X-p: CTR 52%、うっ血・胸水なし。
心エコー: LVEF 32% (前回 30%)、LVDd 62/LVDs 50、全体的 hypokinesis、MR 軽度、TR 軽度 (TRPG 28)、IVC 14mm 呼吸性変動あり。

A: 拡張型心筋症に伴う HFrEF (LVEF 32%)、NYHA II、安定期。3 年間の至適薬物治療 (ARNI + β遮断薬 + MRA + ループ利尿薬) で BNP・LVEF・症状とも緩徐改善傾向。
fantastic four 4 剤目の SGLT2 阻害薬未導入であり、本日 dapagliflozin 10mg/日 新規導入により予後改善 (DAPA-HF 試験) を期待。
糖尿病合併ゆえ euglycemic DKA・尿路感染・volume depletion がリスク。CKD stage 2-3 (eGFR 58) で SGLT2-i 導入可 (eGFR ≥25 mL/min/1.73m² で適応)、初期に eGFR 軽度低下 (initial dip) は想定内、Cr モニタリングが必要。
生命予後改善目的の至適薬物治療完成段階。

P: 1. ダパグリフロジン 10mg 1 錠/日 朝食後 新規導入 (HFrEF 適応、DAPA-HF/DELIVER 試験エビデンス)。
2. 導入後 24-48 時間モニタリング:
   - 腎機能: 入院時/24h/48h Cr・eGFR チェック (initial dip 10-15% までは想定内、>30% 低下なら一時中止検討)
   - 血糖: 食前・食後、発熱時・体調不良時の sick day rule 説明 (euglycemic DKA 予防)
   - 体重・尿量・血圧モニタリング (volume depletion 注意)
3. 既存薬は全て継続:
   - サクビトリルバルサルタン 100mg×2/日 (将来 200mg×2/日 へ漸増検討)
   - ビソプロロール 5mg/日 (目標用量到達)
   - スピロノラクトン 25mg/日 (K 4.4 で問題なし、SGLT2-i 導入で K 上昇に注意)
   - フロセミド 20mg/日 (SGLT2-i の利尿効果で減量検討の余地あり、退院時判断)
4. 糖尿病: メトホルミン継続 (Cr 1.18 / eGFR 58 で問題なし、ヨード造影予定なし)、HbA1c 6.8% で良好。
5. 脂質異常症: アトルバスタチン継続 (LDL 88 で目標値 70 に近い)。
6. 退院後: 2 週間後外来で Cr・BNP・体重・症状チェック、その後 1 ヶ月毎外来。
7. 患者教育: sick day rule (発熱・嘔吐・下痢時は SGLT2-i 一時休薬)、塩分制限 (6g/日)、体重日記、心臓リハビリテーション継続、インフルエンザ・肺炎球菌ワクチン。
8. 外来フォロー継続、6 ヶ月後に CRT-D 適応再評価 (現状 QRS 0.10 秒で未適応も今後の経過次第)。"
acijpcardio,JC-CHF-V,あの すいません 母のことなんですけど えーと 私 隣の県に住んでて 普段なかなか来れなくてで 3 ヶ月ぶりに今日実家に寄ったら 母がもう 息するのも しんどそうで 足もパンパンに腫れてて これはもう連れてこなきゃと思って で すいません 母は心不全って言われてて あ あと心房細動 心房細動も あの 何年か前から で 血液さらさらの薬も飲んでて で 高血圧もあって ちょっと太ってて あと 最近ちょっと もの忘れも増えてきてて で えっと 薬なんですけど お薬手帳が ちょっと古くて 写真だけ携帯で撮ってきたんですけど えーと 何だっけ 血圧の薬が 2 種類あって アムロジピンと あと もう一つ何か カンデなんとか カンデサルタンか なんかそんな名前のと あと 利尿剤 むくみの薬で フロセミド 40 ミリ あ そうそう スピロノラクトンも あの えーと 心臓の薬で 母結構薬飲むの嫌がるんですよ で 朝飲むの忘れて昼に思い出したり あと トイレが近くなるからって 利尿剤を飲まなかった日も結構あるみたいで で 私が今日聞いたら ここ 1 ヶ月くらいは 利尿剤ほとんど飲んでないかもしれないって言ってて で それで足がこんなに腫れちゃったのかなって あの 寝てて あ そうそう 夜中に苦しくなって起きて座ってないと寝られないって あ それから 体重も多分増えてて 普段 65 キロくらいって言ってたのが 今日測ったら 71 キロもあって 6 キロ増えてて あ 血液さらさらの薬は 確か アピキサバン 5 ミリのを 朝晩 これは 多分ちゃんと飲んでて で あ あと 心臓の脈の薬で ビソプロロールってのも 飲んでます これも結構忘れがちみたいで えっと 母は タバコは吸わない 全然 お酒も飲まない で あの 父が 8 年前に亡くなってからずっと一人暮らしで 私は隣の県で 仕事もあって なかなか来れなくて で 隣の方に時々様子見てもらってるんですけど で 食事は ちょっとよくわからなくて 多分 朝はパン食べて 昼はあるもの食べて 夜はもう作るの面倒くさいって 何かちょっとしたものですませてるみたいで 塩分制限とか そういうのも 多分 守れてないと思います で あの 介護保険は要支援 1 が出てるんですけど ヘルパーさんとか まだ頼んでないんですよね 母が 他人を家に入れるの 嫌がって で あの これ もう 一人で住むの 限界かもしれないなって 私も 仕事辞めるわけにはいかないし 妻も働いてて で すいません 今日 連れてきたら 先生から しっかり言ってもらえないかなって 入院もできれば お願いしたいんですけど あ 食欲は ここ 1 ヶ月くらい あんまりなくて でも体重は増えてて 多分むくみで,"S: 76 歳女性、独居。息子からの問診 (本人は息切れで会話困難)。3 ヶ月ぶりに息子が訪問したところ、母の労作時息切れ・下腿浮腫が増悪、起座呼吸・夜間発作性呼吸困難あり、自宅では会話も困難な状態で当院受診。約 1 ヶ月前から症状増悪。お薬手帳の写真によりアムロジピン 5mg、カンデサルタン 8mg、フロセミド 40mg、スピロノラクトン 25mg、アピキサバン 5mg×2、ビソプロロール 2.5mg を内服中だが、息子の聴取によるとフロセミド・スピロノラクトンを 1 ヶ月ほぼ飲んでいない、ビソプロロールも飲み忘れ多い、アピキサバンは比較的服薬できている。体重は 65 kg → 71 kg と 1 ヶ月で +6 kg。食欲低下も体重は浮腫で増加。既往: 高血圧、持続性心房細動、肥満、軽度認知症。喫煙歴なし、飲酒なし、夫は 8 年前死別、隣県在住の息子は仕事で訪問頻度低く、要支援 1 認定済もサービス未導入 (本人が他人を家に入れるのを拒否)。塩分制限・服薬管理ともに自己管理困難な状況。息子は ""一人暮らしの限界、入院をお願いしたい"" との希望。

O: 意識清明だが起座呼吸様、努力性呼吸あり。BP 156/88 mmHg、HR 102/min 不整 (心房細動)、SpO2 92% (room air)、RR 24/min、BT 36.6℃、体重 71.2 kg (普段 65 kg、+6 kg)、BMI 31。
胸部聴診: 心音 不整、II 音亢進、収縮期雑音 II/VI 心尖部、両側肺底部に湿性ラ音 (coarse crackles)。
下腿: 両側 pretibial edema 高度 (圧痕明瞭、+++)、頸静脈怒張あり (右内頸静脈で 8cm)。
12 誘導心電図: 心房細動 HR 102、左室肥大所見 (Sokolow-Lyon 36mm)、ST-T 異常 (左側胸部誘導でストレイン)。
採血: BNP 880 pg/mL (高値)、トロポニン I 0.04 (基準内)、Cr 1.05 / eGFR 42、Na 138、K 4.0、Glucose 118、HbA1c 6.2、Hb 12.4、ALT 22、CRP 0.3、PT-INR 1.1 (アピキサバン服用下、参考値)。
胸部 X-p: CTR 62%、両側肺野上方への血管影再分布、Kerley B line、軽度両側胸水。
経胸壁心エコー: LVEF 55% (壁運動正常)、左房拡大 (LAD 48mm)、左室肥大 (IVS 13mm)、E/e' 18 (拡張障害高度)、僧帽弁逆流 中等度、三尖弁逆流軽度 (TRPG 38 mmHg、肺高血圧軽度)、IVC 22mm 呼吸性変動消失。

A: 急性増悪を伴う慢性心不全 (HFpEF、LVEF 55%)、NYHA III-IV、心房細動既往。1 ヶ月間のフロセミド・スピロノラクトン服薬不遵守によるうっ血性増悪が主病態。BNP 880、体重 +6 kg、起座呼吸・夜間発作性呼吸困難・両側下腿浮腫・肺うっ血・頸静脈怒張・IVC 拡張は典型的左右心不全所見。HFpEF の背景に高血圧性心疾患 + 心房細動 + 肥満 + 軽度認知症が複合。
社会的問題が前面に立つ症例: (1) 軽度認知症 + 独居 + 息子遠方 → 服薬自己管理困難、(2) 介護保険要支援 1 が認定されているがサービス未導入、(3) 塩分制限・水分管理・体重日記など自己管理が成立していない。
医学的入院適応 (急性増悪) + 社会的入院適応 (服薬調整・服薬管理体制構築・在宅支援導入) の双方を満たす。

P: 1. 入院、心電図モニター、酸素 2L 鼻カニューラ (SpO2 92% を 96% 以上目標)、安静度はベッド上座位可、24 時間 in/out バランス・体重・尿量モニタリング。
2. うっ血解除:
   - フロセミド 20mg 静注 1 日 1-2 回 (反応見ながら漸増)、内服復帰時はフロセミド 40mg/日 + 必要時トルバプタン 7.5mg/日 追加検討 (利尿薬抵抗性が出れば)
   - 体重 -3 kg、下腿浮腫消退、肺うっ血消失を目標
3. 既存薬の整理・継続:
   - カンデサルタン 8mg/日 継続 (HFpEF にも降圧 + 心保護)
   - スピロノラクトン 25mg/日 再開 (TOPCAT サブ解析で HFpEF にも有効性、K モニタリング)
   - アムロジピン 5mg/日 継続 (高血圧)
   - ビソプロロール 2.5mg/日 継続 (心房細動 rate control)
   - アピキサバン 5mg×2/日 継続 (心房細動の塞栓予防、CHA2DS2-VASc 高得点)
4. SGLT2 阻害薬 (エンパグリフロジン 10mg/日 または ダパグリフロジン 10mg/日) の新規導入を検討 (DELIVER/EMPEROR-Preserved 試験で HFpEF にも予後改善効果、eGFR 42 で適応内)。
5. 服薬管理体制構築 (社会的入院の主目的):
   - お薬カレンダー導入、1 日 1 回内服に簡素化検討 (持続性製剤への変更など)
   - 訪問看護週 2-3 回導入 (服薬確認、バイタルチェック、体重確認)
   - 訪問薬剤師による一包化と服薬指導
   - ヘルパー (生活援助) 週 2-3 回導入 (食事・買い物支援、塩分制限への助言)
   - ケアマネジャーと面談、要支援 1 → 要介護 1-2 の区分変更申請も検討
6. 認知機能評価: MMSE 再評価、必要なら HDS-R、地域連携室経由で物忘れ外来 / 認知症サポート医紹介。
7. 退院前カンファレンス: 息子・ケアマネ・訪問看護・訪問薬剤師・MSW で家族指導、緊急時連絡体制整備、塩分 6g/日 + 水分制限 1.5L/日 を本人と息子に説明。
8. 食事: 心不全食 (塩分 6g/日、エネルギー 1600 kcal、減量目標 BMI 28 まで)、栄養指導。
9. リハビリ: 心臓リハビリテーション介入、退院後も外来心臓リハ継続。
10. 退院後フォロー: 2 週間後外来、その後 1 ヶ月毎、訪問看護からの異常連絡時は早期受診の連絡網確立。"
acijpcardio,JC-EA-S,"【問診記録】
約 3 ヶ月前から、通勤途中の上り坂や駅の階段を昇るときに前胸部の圧迫感を自覚するようになった。
""締め付けられるような"" 鈍い痛みで、立ち止まって 1-2 分休むと自然に消失する。安静時の胸痛はなく、夜間や明け方の発作もない。
症状の頻度・程度は 3 ヶ月間ほぼ一定 (週 2-3 回)、最近 2 週間で増悪傾向はない。冷汗・嘔気・放散痛なし。失神・動悸・呼吸困難 (夜間の起座呼吸) なし。
3 日前にかかりつけ医を受診し、安静時心電図に明らかな ST-T 異常は指摘されなかったが、症状経過から狭心症が疑われ当科紹介。
本日外来で運動負荷心電図を施行し、Bruce プロトコル stage 3 (METs 6.0) で V4-V6 の ST 水平型低下 1.5mm + 典型的な労作時胸痛が再現されたため陽性と判定。
5 年前から高血圧・脂質異常症で内服加療中。HbA1c は最近 5.8% で糖尿病なし。喫煙 15 本/日 × 30 年継続中、禁煙の意思はある。父が 70 歳代に冠動脈バイパス術 (CABG) を受けた家族歴あり。
症状の安定性 (3 ヶ月間 increasing pattern なし、安静時発作なし) より急性冠症候群 (ACS) ではなく安定労作性狭心症 (CCS 分類 II) と判断。心筋シンチ (アデノシン負荷) で前壁中隔の中等度可逆性虚血を確認、CAG で LAD 近位部 90% 狭窄 (1 枝病変、FFR 0.68) を認め、待機的 PCI (DES 留置) 目的に入院となった。

【お薬手帳より】
【お薬手帳より】
・アムロジピンベシル酸塩錠 5mg 1錠 朝食後
・ロスバスタチンカルシウム錠 2.5mg 1錠 夕食後
服薬コンプライアンス良好、飲み忘れほぼなし。市販薬・サプリメントの併用なし。

【診察所見】
意識清明、外見年齢相応。身長 170cm、体重 82kg、BMI 28.4 (軽度肥満)。
バイタル: BP 142/88 mmHg (両上肢差なし)、HR 72/min 整、SpO2 98% (room air)、RR 16/min、BT 36.4℃。
頸動脈雑音なし、頸静脈怒張なし。
胸部聴診: 心音 I/II 整、過剰心音なし、心雑音なし。肺音清、副雑音なし。
腹部: 平坦・軟、圧痛なし、腹部大動脈拍動触知正常 (拡張なし)。
下腿浮腫なし、足背動脈・後脛骨動脈 触知良好、両側差なし。
外来時の安静時 12 誘導心電図: 洞調律 HR 70、ST-T 異常なし、Q 波なし。

【検査結果】
【運動負荷心電図 (本日外来)】
Bruce プロトコル、stage 3 (METs 6.0、HR 142、target HR の 88%) まで運動。
stage 3 で V4-V6 に水平型 ST 低下 1.5mm 出現、典型的労作時胸部圧迫感再現。回復期 5 分で消失。
判定: 陽性 (Duke treadmill score: -7、中等度リスク)。

【心筋シンチグラフィ (アデノシン負荷、99mTc-MIBI、3 日前)】
負荷時: 前壁中隔の取り込み低下 (中等度)。
安静時: 同部位の取り込み正常化 → 可逆性虚血と判定。
Summed Stress Score (SSS) 8、Summed Difference Score (SDS) 6 (中等度虚血)。
LVEF (gated) 60%、壁運動異常なし。

【冠動脈造影 (CAG、本日午後施行)】
RCA: 有意狭窄なし。
LCX: 有意狭窄なし。
LAD: 近位部 (segment 6) に 90% 狭窄、TIMI 3 flow、側副血行なし。
→ FFR 計測: LAD 病変部 0.68 (機能的有意、cutoff 0.80)。
1 枝病変 (LAD)、待機的 PCI 適応と判断。

【採血 (入院前)】
WBC 6,800/μL、Hb 14.8 g/dL、Plt 22.3万/μL
Na 140、K 4.2、Cl 103、BUN 15、Cr 0.88、eGFR 75
Glucose 102 mg/dL、HbA1c 5.8%
総コレステロール 218、LDL-C 138 mg/dL、HDL-C 42 mg/dL、TG 175 mg/dL
トロポニン I < 0.01 ng/mL (陰性)、CK 98 U/L、CK-MB 12 U/L
BNP 28 pg/mL、CRP 0.1 mg/dL
HbsAg / HCV / HIV 陰性。

【胸部 X-p】
心拡大なし (CTR 47%)、肺うっ血なし、胸水なし。

【経胸壁心エコー】
LVEF 60% (modified Simpson)、壁運動異常なし、弁膜症なし、左室肥大軽度 (IVS 11mm)、心嚢液なし。","S: 64 歳男性。3 ヶ月前から坂道や階段昇降で前胸部圧迫感が出現、1-2 分の安静で消失する典型的労作性胸痛。頻度・程度は 3 ヶ月間ほぼ一定 (週 2-3 回)、増悪傾向なく安静時発作なし、夜間発作なし。CCS 分類 II 相当。冷汗・嘔気・放散痛・失神なし。既往: 5 年来の高血圧・脂質異常症で内服加療中、糖尿病なし (HbA1c 5.8%)。喫煙 15 本/日 × 30 年継続、軽度肥満 (BMI 28.4)、運動習慣なし。父に 70 歳代発症の狭心症 (CABG) 家族歴あり。

O: 意識清明、BMI 28.4。BP 142/88 mmHg、HR 72/min 整、SpO2 98% RA、RR 16、BT 36.4。心音 I/II 整、雑音なし、肺音清、頸動脈雑音なし、下腿浮腫なし。
安静時 12 誘導心電図: 洞調律、ST-T 異常なし、Q 波なし。
運動負荷心電図 (Bruce stage 3、METs 6.0): V4-V6 水平型 ST 低下 1.5mm + 典型的労作時胸痛再現、Duke treadmill score -7 (中等度リスク) で陽性。
心筋シンチ (アデノシン負荷): 前壁中隔の中等度可逆性虚血、SSS 8 / SDS 6、LVEF 60%。
採血: トロポニン I < 0.01 (陰性)、CK 98 / CK-MB 12 (正常)、BNP 28、Cr 0.88 / eGFR 75、HbA1c 5.8、LDL 138。
胸部 X-p: 心拡大なし、肺うっ血なし。経胸壁心エコー: LVEF 60%、壁運動異常なし、左室肥大軽度。
CAG: LAD 近位部 90% 狭窄 (1 枝病変)、FFR 0.68 (機能的有意)、RCA・LCX 有意狭窄なし。

A: 労作性狭心症 (安定狭心症、CCS 分類 II)、LAD 1 枝病変 (近位部 90% 狭窄、FFR 0.68)。
症状の安定性 (3 ヶ月間 increasing pattern なし、安静時・夜間発作なし、トロポニン陰性) より急性冠症候群 (ACS) は否定的。
中等度虚血 (SSS 8、心筋シンチで前壁中隔可逆性虚血) + FFR 陽性 + 症状あり、の三拍子で ISCHEMIA 試験以降のエビデンスでも PCI による予後改善が期待される typical な adequate-medical-therapy + PCI 適応症例。
冠危険因子: 高血圧、脂質異常症、喫煙 (15 本×30 年)、軽度肥満、家族歴の 5 因子集積。糖尿病なし。腎機能良好 (eGFR 75)。

P: 1. 待機的 PCI (LAD 近位部、第 2 世代 DES 留置) を予定。緊急 PCI 適応の ACS ではないため、十分な説明同意 + 入念な前投薬で実施。
2. 抗血小板療法 (DAPT): アスピリン 100mg/日 + クロピドグレル 75mg/日。クロピドグレルは PCI 前日に 300mg 負荷投与。DAPT は最低 6 ヶ月、その後アスピリン単剤継続。
3. 高用量スタチン: ロスバスタチン 2.5mg → 5mg/日へ増量 (LDL 70 mg/dL 未満を目標)。
4. β遮断薬: ビソプロロール 2.5mg/日 開始 (心拍数低下による心筋酸素需要減少、二次予防効果)。
5. ACE 阻害薬: エナラプリル 2.5mg/日 開始 (高血圧合併、左室リモデリング抑制目的)。
6. 抗狭心症薬として必要時ニトログリセリン 0.3mg 舌下を頓用処方 (発作時用)、退院後も常時携帯指導。
7. 禁煙指導: 入院機会を活用し禁煙外来を紹介、ニコチン置換療法も検討。本人に禁煙意思あり。
8. 生活指導: 減塩 (6g/日 未満)、減量 (BMI 25 未満目標、現 28.4)、運動療法 (心臓リハビリテーション、退院後外来心リハ導入)、飲酒は適量まで。
9. 退院後フォロー: 1 ヶ月後外来で症状・薬剤副作用確認、3 ヶ月後に脂質再評価、6 ヶ月後に運動負荷検査で虚血再発有無評価。"
acijpcardio,JC-EA-V,あの えーと 母なんですけど 健診で LDL が高い って言われて あと糖尿病もずっとなんでこちらの方を紹介してもらって あ 母 自分でも話せるんですけど ちょっとうろ覚えなところがあって 私も一緒に 母さん どう 胸とか痛い 別に 痛くない いや痛くないけどね だから胸痛はないって言ってるんですけど あの 私が見てて なんかこう 最近階段とか前より遅くなってる気がするんですよ ね 母さん この前のあの 駅の階段あれ え そんなのなんともないわよ いやでも前は さっと上ってたのが 今ちょっと立ち止まったりとかあるよね そう あ そうかもね でもそんなに苦しいわけじゃないのよ ただちょっと息が切れる感じ 胸が痛いとかは 全くなくて はい あ えっと糖尿病はもう 20 年以上 そうね 50 ぐらいから だからもう何年だろう 20 年 25 年ぐらい かしら はい で お薬はあの 朝晩飲んでて メトなんとか メトホルミン あ そうそうメトホルミン あと 何だっけ あの あれ 朝の あの 何 シタグリ なんとか シタグリプチン そう シタグリプチン あ あと血圧の薬も 血圧は アムロジピン だっけ あ あれ もう一個あったよね 何だっけ テル えーと テルミ なんとか テルミサルタン あ そう テルミサルタン あと膝が痛くて そう 膝がね もう何年も変形性 何ていうの 関節症って言われてて で痛いときに ロキソニン あ ロキソプロフェンか それを飲んでます えーと 神経 そう 糖尿病の神経の方も悪くて 足の裏がしびれる感じが ずっと 何年も はい 検診の結果 ちょっと持ってきたんですけど LDL が 162 で 中性脂肪も高くて HbA1c は 7.8 でしたか そうそう 7.8 で 主治医からはもうちょっと頑張りましょうって言われてるんですけど なかなか で あの 母 タバコは吸わないですよね 吸わない 一度も 父も吸ってなかったし お酒もほとんど飲まないです 父はね 心臓が悪くて 70 ぐらいで 心不全って言われてたかな あ そうそう 心不全で入院したのよ お父さんね 私は知らないわ そんな前のこと はい 父は 70 歳ぐらいで心不全で入院 母方の祖母 おばあちゃんも糖尿病だったかな そう 糖尿病でしたよ おばあちゃん あ あと 運動とかは ね もう膝が痛くて全然できなくて 散歩も最近はあんまり 家の中をちょこちょこ動くぐらいで で 食欲は普通にあって 体重は あの 60 キロぐらい 身長 152 だったかな そう 152 で 60 ぐらい あ 主治医からは ちょっと心臓も気をつけた方がいいって言われて だから今日来たんです 本人は別に痛いところはないんですけど 私から見ると やっぱりちょっと心配で,"S: 70 歳女性。20 年来の 2 型糖尿病 (HbA1c 7.8%、糖尿病性神経障害あり)、高血圧、両側変形性膝関節症、軽度認知症 (MMSE 25)。健診で LDL 162 mg/dL の高値と糖尿病ハイリスクのため循環器内科紹介となった。
本人は胸痛を訴えず ""痛くない"" を繰り返すが、同伴息子から ""最近階段昇降が遅くなった、立ち止まることが増えた"" との家族側情報あり。本人も認める範囲で ""時々階段で息切れあり、苦しくはない"" 程度。冷汗・嘔気・放散痛なし、夜間胸痛なし、安静時症状なし。
糖尿病性神経障害により疼痛閾値が上昇している可能性、長期糖尿病高齢女性で典型的な胸痛を呈しにくい背景。喫煙歴なし、飲酒なし。父に 70 歳代の心不全既往、母・祖母に 2 型糖尿病家族歴。両膝の変形性関節症のため運動負荷検査は実施不可。

O: 意識清明だが軽度認知症あり (MMSE 25)、身長 152cm、体重 60kg、BMI 26.0。BP 148/82 mmHg、HR 78/min 整、SpO2 98% RA、RR 16、BT 36.5。心音 I/II 整、雑音なし、肺音清、頸動脈雑音なし、下腿浮腫なし。両膝に軽度腫脹・可動域制限あり、足底にモノフィラメント感覚低下 (糖尿病性神経障害)。
安静時 12 誘導心電図: 洞調律 HR 78、ST-T 異常なし、Q 波なし、左室肥大の電位なし。
胸部 X-p: 心拡大なし (CTR 49%)、肺うっ血なし。
採血: HbA1c 7.8%、Glucose 158、LDL-C 162、HDL-C 38、TG 198、Cr 0.78 / eGFR 62、トロポニン I < 0.01 (陰性)、BNP 42、CRP 0.1。
運動負荷心電図: 両側変形性膝関節症のため施行不可。
心筋シンチグラフィ (アデノシン負荷、99mTc-MIBI): 負荷時に下壁の取り込み低下 (中等度)、安静時で正常化 → 可逆性虚血。Summed Stress Score (SSS) 7、Summed Difference Score (SDS) 5。LVEF (gated) 58%、壁運動異常なし。
冠動脈造影 (CAG): RCA 中部 (segment 2) に 75% 狭窄、TIMI 3 flow。LCX・LAD 有意狭窄なし。1 枝病変。FFR 計測: RCA 病変部 0.78 (cutoff 0.80 ぎりぎり、機能的有意性は borderline)。

A: 労作性狭心症の疑い、無痛性虚血 (silent ischemia) 強疑、糖尿病性自律神経障害合併。RCA 1 枝病変 (75% 狭窄)、心筋シンチで下壁中等度可逆性虚血を認め虚血の客観的証拠あり。FFR 0.78 は cutoff (0.80) ぎりぎりで機能的有意性は borderline。
本人は胸痛・典型的狭心症症状を否定するが、長期糖尿病 (20 年) + 神経障害により疼痛閾値上昇 → 無痛性虚血のハイリスク。家族側からは労作耐容能の低下が確認され、症状自覚と実際の虚血の乖離が示唆される。
ISCHEMIA 試験以降、無症候性または軽症症状の安定狭心症では薬物療法と PCI で予後 (心筋梗塞・死亡) 差は小さいとされる。本症例は (a) 客観的虚血証拠あり (b) FFR borderline (c) 症状自覚乏しい (d) 高齢・認知機能低下あり (e) DAPT 出血リスク考慮、を総合的に判断する必要があり、待機的 PCI vs 薬物強化のいずれも妥当な選択肢。
冠危険因子: 長期糖尿病・脂質異常症・高血圧・家族歴の集積。喫煙・肥満なし。

P: 1. 治療方針: 待機的 PCI vs 薬物療法強化 (optimal medical therapy, OMT) の選択を、本人・家族・主治医と多職種カンファレンスで検討。本症例は ISCHEMIA 試験の ""症状軽度・客観的中等度虚血"" 群に該当し、PCI の予後改善効果は限定的のため、まず OMT 強化 + 経過観察、症状増悪時に PCI を検討する方針が妥当と考える。最終決定は息子同席の説明同意で確定。
2. 抗血小板療法: アスピリン 100mg/日 開始 (低用量、糖尿病合併冠動脈疾患の二次予防)。PCI 施行時は DAPT (+クロピドグレル 75mg/日) を追加。
3. 高用量スタチン: アトルバスタチン 10mg/日 開始 (LDL 70 mg/dL 未満目標、現 162)。糖尿病合併につき積極的脂質管理。
4. β遮断薬: ビソプロロール 2.5mg/日 開始 (心拍数低下、虚血閾値上昇)。
5. ACE 阻害薬 / ARB: 既存テルミサルタン 40mg を継続 (糖尿病性腎症予防効果も期待)。エナラプリルへの切替は不要。
6. 抗狭心症薬: ニコランジル 5mg 3 錠/日 分 3 開始 (冠拡張 + 心筋保護効果、症状自覚乏しい高齢者でも忍容性良好)。発作時用にニトログリセリン 0.3mg 舌下を頓用処方。
7. 糖尿病管理: メトホルミン継続 (eGFR 62 で問題なし)、シタグリプチン継続。HbA1c 7.0% 未満を目標に主治医と連携、SGLT2 阻害薬 (例: ダパグリフロジン 5mg) の追加を検討 (心血管・腎保護効果)。
8. NSAID 注意: 膝痛時のロキソプロフェンは心血管リスクを高めるため、可能な限りアセトアミノフェン 500mg 屯用に切替を検討。
9. 認知症・独居支援: 服薬管理は息子が週 1 回ピルケースに整理、本人と息子に新規追加薬を口頭・書面の両方で説明。MMSE 25 で介入レベルは現時点で軽症だが、定期的な認知機能評価とケアマネジャー相談を計画。
10. フォロー: 1 ヶ月後外来で薬剤忍容性・症状経過確認、3 ヶ月後 HbA1c・脂質再評価、6 ヶ月後に心筋シンチ再検で虚血進行の有無を評価。労作耐容能の主観的・客観的悪化があれば早期に PCI を検討。"
acijpcardio,JC-PE-S,"【問診記録】
55 歳女性。3 日前に 12 時間 30 分のヨーロッパからの直行便で帰国 (エコノミークラス、ほぼ着席で過ごし、機内での歩行はトイレ往復程度)。帰国後は時差ぼけで自宅で安静に過ごしていた。
本日午前 8 時頃、起床後に右胸の鋭い痛みと呼吸困難が突然出現。深呼吸で痛みが増強。安静にしても改善せず、立ち上がるとふらつきと動悸を自覚。
症状出現後 2 時間で症状が持続するため、家族の付き添いで当院救急外来を受診。
発症前から右下腿に軽い腫れと違和感を自覚していたが、長時間着席による浮腫と思って放置。
胸痛・呼吸困難の既往なし、心疾患・呼吸器疾患の指摘なし。手術歴なし、悪性疾患なし、最近 3 ヶ月以内の長期臥床なし。
3 年前から月経困難症のため低用量経口避妊薬を内服継続中、本日朝も内服済。
喫煙歴なし、飲酒は機会飲酒程度。家族歴に血栓症・突然死なし。

【お薬手帳より】
【お薬手帳より】
・ノルエチステロン・エチニルエストラジオール配合錠 1錠 1日1回 (低用量経口避妊薬、3年前から継続服用)
・ロキソプロフェン錠 60mg 頓用 (月経痛時のみ)
服薬コンプライアンス良好、本日朝も内服済。

【診察所見】
意識清明、軽度の苦悶様顔貌、頻呼吸あり。
バイタル: BP 118/74 mmHg (両上肢差なし)、HR 112/min 整、SpO2 92% (room air)、RR 26/min、BT 36.9℃。
胸部聴診: 心音 I/II 整、II 音肺動脈成分亢進 (II P 亢進)、収縮期雑音なし、肺音清 (両側)、ラ音なし。
頸静脈軽度怒張あり。
腹部平坦・軟、圧痛なし。
下肢: 右下腿に軽度腫脹あり (左右周径差: 右ふくらはぎ 36.5cm vs 左 34.8cm、+1.7cm)、Homans 徴候陽性、右下腿に軽度圧痛と緊満感、皮膚温やや上昇、表在静脈拡張あり。左下肢は異常なし。
四肢冷感なし、橈骨動脈・足背動脈触知良好、左右差なし。

【検査結果】
【心電図 (来院時)】
洞性頻脈 HR 112、SⅠQⅢTⅢ パターン (S 波 in I、Q 波 in III、陰性 T 波 in III) を認める、V1-V3 で陰性 T 波、不完全右脚ブロック様変化、QT 0.36 秒。

【採血】
WBC 9,800/μL、Hb 13.2 g/dL、Plt 22.4万/μL
D-dimer 8.6 μg/mL (基準 <1.0、著明高値)、FDP 18.2 μg/mL
トロポニン I 0.42 ng/mL (軽度上昇、基準 <0.04)、CK 142、CK-MB 8
BNP 286 pg/mL (上昇)、NT-proBNP 1,420 pg/mL
Na 140、K 4.2、Cl 103、BUN 16、Cr 0.78、eGFR 72
Glucose 108 mg/dL、HbA1c 5.6%、LDL-C 128 mg/dL
CRP 0.6 mg/dL、AST 32、ALT 28
動脈血ガス分析 (room air): pH 7.46、PaO2 64 mmHg、PaCO2 30 mmHg、HCO3 22.4、SaO2 92%、A-aDO2 47 mmHg (開大)

【胸部 X-p】
肺野透過性は両側保たれ、明らかな浸潤影なし。心拡大なし (CTR 47%)、軽度の右肺動脈拡大あり (Westermark 徴候疑い)。

【経胸壁心エコー (来院時 emergency echo)】
LVEF 60% (保たれ)、右室拡大あり (RV/LV ratio 1.1)、右室自由壁 hypokinesis with apical sparing (McConnell 徴候陽性)、三尖弁逆流速度 3.6 m/s より推定 PASP 58 mmHg (肺高血圧あり)、下大静脈拡張 (IVC 22mm、呼吸性変動低下)、心嚢液なし、左室壁運動正常。

【造影 CT (胸部、肺動脈造影プロトコル)】
両側肺動脈本幹近位部に充盈欠損 (filling defect) を認め、両側主肺動脈〜葉動脈レベルに広範な血栓像。右室拡大 (RV/LV 短軸比 1.15)、肺梗塞像 (右下葉胸膜下にくさび状陰影、Hampton hump) あり。胸水なし。

【下肢静脈エコー】
右膝窩静脈〜浅大腿静脈に高エコー血栓像、圧迫不能、流動性なし。深部静脈血栓症 (DVT) 確診。左下肢は異常なし。

【Wells スコア (PE)】
DVT の臨床所見あり (+3)、PE 以外の診断より PE が可能性高い (+3)、HR>100 (+1.5)、最近 4 週以内の手術や長期臥床なし (0)、PE/DVT の既往なし (0)、喀血なし (0)、悪性腫瘍なし (0)
合計 7.5 点 → high probability

【sPESI】
年齢>80歳 (0)、悪性腫瘍 (0)、慢性心肺疾患 (0)、HR≥110 (1)、収縮期 BP<100 (0)、SpO2<90% (0)
合計 1 点 → high risk (30 日死亡率上昇)","S: 55 歳女性。3 日前に 12 時間 30 分の長距離直行便 (エコノミークラス、ほぼ着席) でヨーロッパから帰国、帰国後は時差ぼけで自宅で安静に過ごす。本日朝、起床後に突然の右胸鋭痛と呼吸困難が出現、深呼吸で疼痛増強、立ち上がるとふらつき・動悸を自覚し発症 2 時間で当院受診。発症前から右下腿に軽度腫脹と違和感あり、長時間着席による浮腫と思って放置していた。3 年前より月経困難症で低用量経口避妊薬を継続服用中。BMI 29.2 と軽度肥満。喫煙歴なし、手術歴なし、悪性疾患なし、血栓症の家族歴なし。

O: 意識清明、軽度苦悶様顔貌、頻呼吸。BP 118/74 mmHg、HR 112/min 整、SpO2 92% RA、RR 26、BT 36.9。心音 I/II 整、II P 亢進、肺音清、頸静脈軽度怒張あり。右下腿腫脹 (左右周径差 +1.7cm)、Homans 徴候陽性、右下腿圧痛・緊満感あり。
12 誘導心電図: 洞性頻脈 HR 112、SⅠQⅢTⅢ パターン、V1-V3 陰性 T 波、不完全右脚ブロック様変化。
採血: D-dimer 8.6 μg/mL (著明高値)、トロポニン I 0.42 ng/mL (軽度上昇)、BNP 286、NT-proBNP 1,420 (上昇)、Cr 0.78。
動脈血ガス (RA): PaO2 64、PaCO2 30、A-aDO2 47 (開大)、低酸素血症と呼吸性アルカローシス。
胸部 X-p: 肺野浸潤なし、心拡大なし、右肺動脈軽度拡大 (Westermark 徴候疑い)。
心エコー: LVEF 60%、右室拡大 (RV/LV 1.1)、McConnell 徴候陽性、推定 PASP 58 mmHg、IVC 拡張、心嚢液なし。
造影 CT (肺動脈造影): 両側肺動脈本幹近位部に広範な血栓像、右下葉に肺梗塞像 (Hampton hump)、RV/LV 短軸比 1.15。
下肢静脈エコー: 右膝窩静脈〜浅大腿静脈に DVT 確診。
Wells スコア 7.5 点 (high probability)、sPESI 1 点 (high risk)。

A: 急性肺塞栓症 (submassive PE、両側肺動脈本幹近位部塞栓)、深部静脈血栓症 (右下肢) 合併。重症度分類: 血行動態安定 (BP>90 mmHg) であるが右室機能障害 (RV 拡大、McConnell 徴候陽性、PASP 58 mmHg) + バイオマーカー上昇 (トロポニン I 0.42、BNP 286) より中等症リスク (intermediate-high risk PE = submassive PE)。
誘発因子: 長距離飛行 (12.5 時間着席)、低用量経口避妊薬の長期使用、軽度肥満の 3 因子重畳。
鑑別: 心筋梗塞は心電図・心エコー・トロポニン値より否定的、急性心不全・肺炎・気胸は X-p 所見・経過より否定。
Wells 7.5 点 high probability、sPESI 1 点 high risk と臨床予測スコアも一致。

P: 1. 入院: ICU/HCU 管理 (1-2 日)、心電図・SpO2 持続モニタリング、血行動態悪化に備える。
2. 抗凝固療法 (即時開始):
   - 初期: 未分画ヘパリン 5000 単位静注 → 持続点滴 1000 単位/時 (APTT 1.5-2.5 倍目標で調整)
   - 24-48 時間で血行動態安定確認後、DOAC へ切替: アピキサバン 10mg×2/日 × 7 日間 → 5mg×2/日 維持 (もしくはリバーロキサバン 15mg×2/日 × 21 日 → 20mg/日)
3. 血栓溶解療法 (tPA): 現時点で血行動態安定 (submassive PE) のため適応外。今後 shock や急速悪化時に再評価。
4. 酸素療法: 鼻カニューレ 2-3 L/分 で SpO2 ≥94% 維持。
5. 経口避妊薬: 即日中止、永続中止を推奨 (静脈血栓塞栓症の再発リスク高)。代替の月経困難症治療を婦人科コンサルト。
6. 抗凝固期間: 誘発因子明確 (一過性) のため最低 3 ヶ月、誘発因子除去後の再発リスク評価で延長判断。
7. 弾性ストッキング着用、早期離床 (血行動態安定後速やか)、再発予防教育。
8. 入院中の血栓性素因スクリーニング検討: プロテイン C/S、AT-III、抗リン脂質抗体 (急性期は影響受けるため、抗凝固開始前か離脱後に施行)。
9. 退院後: 循環器内科外来で抗凝固療法管理、3 ヶ月後に造影 CT/D-dimer 再検し継続/中止判断。
10. 患者教育: 長距離移動時の予防 (圧迫ストッキング、こまめな歩行、水分摂取)、血栓症既往者として今後の手術・出産時の予防策。"
acijpcardio,JC-PE-V,あの 先生 ありがとうございます すいません あの 父があの 5 日前にここで足のあの 大腿骨? なんかその 骨折で手術したんですけど 人工 何だったかな 人工骨頭? とかいうやつで えっと整形の先生がそう言ってて で術後はずっとベッドで寝たきりみたいな感じで まあ手術の傷もあるしであんまり動けなくて で今朝 リハビリの先生が来てくれて初めてベッドから起こすって話で で起こした瞬間に いや 起こす前かな ちょうど立ち上がろうとしたところで 急に父が なんていうか 目をぐるって 白目みたいになって ぐったりして で 看護師さんがすぐ呼んでくれて 血圧 80 とかって言ってて で意識も最初は呼んでも返事しなくて でちょっとしたら戻ったんですけど 顔が真っ青で 汗がだらだらで 呼吸も荒くて 苦しいって 胸が苦しいってあと息ができないって言ってました でその えっと 整形の先生がすぐ来てくれて で循環器の先生もって でもう 救急車みたいな感じで ICU に運ぶって 父はもともと血圧の薬を朝飲んでて あの 血圧の あと腎臓もちょっと悪いって言われてて 何だったかな オルメ何とかとアムロ何とか 2 つ飲んでたと思います それと術後 何日目? 1 日目? からだったかな 注射 お腹に注射してましたあの DVT 予防って言って えっと血を固まらないようにする薬って看護師さんが あの あの 何だったっけ エノキ何とか? すいません覚えてなくて あ あと痛み止めをカロナールでしたっけそれを頓用で 抗生物質は最初 2 日で終わってって聞きました タバコは父はもう 20 年以上前に止めてて それまでは 1 日 15 本くらいって言ってました お酒は機会飲酒で 結婚式とかそういう時だけ えっと血栓とかそういう病気は 父も母方も特になかったと思います えーと 今回手術するまでは普通に歩いてて 元気だったんですよ それが転倒して骨折してで 手術してで 順調にいってると思ってたんですけど まさかこんなことになるとは あの 先ほど CT 撮るって聞きましたけど 大丈夫なんでしょうか 腎臓悪いから造影剤使えないかもとか看護師さんがちらっと言ってて あと あの ICU の先生が血栓溶かす薬使うかもしれないって でも手術したばかりだから出血するかもって すごく難しいって言ってて 私もう何が何だかで すいません,"S: 72 歳男性、右大腿骨頸部骨折に対し人工骨頭置換術後 5 日目で整形外科入院中。本日朝、術後初回リハビリで離床を試みた直後 (立位開始時) に意識消失・SBP 80 mmHg まで急激低下、白目様の眼球偏位を伴う。意識は短時間で回復したが顔面蒼白・冷汗著明・呼吸促迫・胸部苦悶・呼吸困難を訴え、整形外科主治医から循環器内科コンサルト、ICU 入室方針。家族 (息子) からの問診情報では、術後 1 日目から DVT 予防のためエノキサパリン皮下注が継続されていたが、術後 5 日間ベッド上臥床多く活動量極めて少なかった。既往: 高血圧 (アムロジピン+オルメサルタン服用)、CKD stage 3、術前は ADL 自立、喫煙は 20 年前に禁煙。血栓症の家族歴なし。家族は造影剤使用と血栓溶解療法 (出血リスク) について不安を表明。

O: 意識: 一時消失後回復、現在 GCS E3V4M5 (清明だが応答鈍化)、苦悶様顔貌、顔面蒼白・冷汗著明。
バイタル (病棟現着時): BP 84/58 mmHg (発症直後 80/50)、HR 128/min 整、SpO2 86% (room air)、RR 32/min、BT 36.5℃、四肢冷感あり、CRT 4 秒。
胸部聴診: 心音 I/II 整、II P 著明亢進、収縮期雑音なし、肺音清 (両側)。
頸静脈怒張著明、Kussmaul 徴候 (吸気時頸静脈圧上昇) あり。
下肢: 右下肢術後創部清浄、明らかな下腿腫脹は両側で評価困難 (術後浮腫の影響)、左下肢腓腹部に軽度圧痛あり。
12 誘導心電図 (病棟撮影): 洞性頻脈 HR 128、SⅠQⅢTⅢ 著明、V1-V4 陰性 T 波、完全右脚ブロック (新規)、右軸偏位。
ベッドサイド心エコー (循環器コンサルト時): LVEF 55%、右室著明拡大 (RV/LV ratio 1.4)、右室自由壁の高度 hypokinesis with apical sparing (McConnell 徴候陽性)、三尖弁逆流速度 4.2 m/s より推定 PASP 78 mmHg (高度肺高血圧)、IVC 高度拡張 (28mm、呼吸性変動消失)、左室小、心嚢液なし。D-shape の心室中隔扁平化あり (RV pressure overload)。
採血 (緊急): D-dimer 22.4 μg/mL (著明高値)、トロポニン I 1.86 ng/mL (高値)、BNP 642 pg/mL (高値)、NT-proBNP 4,820 pg/mL、乳酸 4.2 mmol/L (代謝性アシドーシスあり)、Cr 1.62 / eGFR 36 (基礎 CKD)、Hb 10.8 (術後やや低下)、Plt 18.6万。
動脈血ガス (酸素 5L マスク下): pH 7.28、PaO2 58 mmHg、PaCO2 28 mmHg、HCO3 14、SaO2 88%、A-aDO2 78 mmHg (著明開大)、乳酸性アシドーシス。
胸部 X-p (ポータブル): 心拡大あり (CTR 56%)、肺野浸潤なし、右肺動脈拡大顕著 (Westermark 徴候陽性)。
造影 CT (緊急、腎機能低下下で最小量造影で実施予定): 主肺動脈本幹に巨大 saddle embolism、両側主肺動脈〜葉動脈〜区域動脈レベルまで広範な充盈欠損、RV/LV 短軸比 1.42 (高度右室負荷)、肺梗塞像なし。

A: 急性肺塞栓症 (massive PE、saddle embolism、obstructive shock)、術後 5 日目に発症した院内 VTE。重症度分類: 血行動態不安定 (SBP 84、shock index 1.5)、高度右室機能障害 (RV/LV 1.42、McConnell 徴候、PASP 78)、高度低酸素血症 (PaO2 58 on 5L)、乳酸性アシドーシス (Lac 4.2)、トロポニン高値 (1.86) → high risk PE (massive PE) と分類、緊急再灌流療法の適応。
誘発因子: 整形外科大手術 (大腿骨頸部骨折・人工骨頭置換術) 後 5 日目、術後ベッド上臥床、高齢、CKD の 4 因子。エノキサパリン予防投与下での発症 (breakthrough VTE)。
治療判断の困難点: tPA (アルテプラーゼ) の絶対適応 (massive PE with shock) であるが、術後 5 日目で大手術後 21 日以内のため出血リスクが極めて高い (出血の相対禁忌)。代替として: (a) full-dose tPA、(b) low-dose tPA、(c) catheter-directed thrombolysis (CDT)、(d) 外科的血栓摘除術 (pulmonary embolectomy)、(e) ECMO + 抗凝固単独 の選択肢を hospital PERT (Pulmonary Embolism Response Team) で迅速協議すべき状況。
鑑別: 術後出血性ショック (Hb 10.8 と軽度低下のみ、X-p 内出血所見なし)、心筋梗塞 (心電図・心エコー所見より否定)、敗血症性ショック (発熱なし、CRP 経過要確認)。

P: 1. 緊急 ICU 入室、循環動態モニタリング、A-line/CV カテーテル留置。
2. 酸素化: 高流量酸素 (リザーバーマスク 10L 開始)、SpO2 改善不十分なら気管挿管・人工呼吸管理を準備 (右室前負荷悪化に注意し PEEP 慎重設定)。
3. 循環サポート: 生理食塩水補液は慎重に (右室負荷増悪リスク、500mL 以内)、ノルアドレナリン 0.05-0.1 μg/kg/分 で MAP ≥65 維持、改善不十分ならドブタミン併用検討。
4. 抗凝固療法 (即時開始): 未分画ヘパリン 80 単位/kg ボーラス → 18 単位/kg/時 持続 (APTT 1.5-2.5 倍目標)、エノキサパリン予防投与は中止し治療量へ移行。
5. 再灌流療法 (PERT 緊急協議、術後 5 日目の出血リスク評価):
   - 第一選択: catheter-directed thrombolysis (CDT) — 局所低用量 tPA で全身投与より出血リスク低減
   - 代替: 外科的肺血栓摘除術 (整形外科創部の影響なく可能、術中ヘパリン管理が課題)
   - tPA 全身投与 (アルテプラーゼ 50-100mg/2 時間) は術後 5 日目で相対禁忌、shock 進行で他の手段不可なら最終手段として家族同意下で考慮
   - 上記実施困難時は VA-ECMO 装着で循環補助 + 抗凝固単独で血栓自然吸収を待つ
6. 造影剤腎症対策: 等張食塩水補液 (慎重に、右室負荷を勘案)、造影剤最小量、PCI 後 24-48 時間 Cr モニタリング、N-アセチルシステイン併用検討。
7. 整形外科主治医と緊密連携: 創部出血モニタリング、抗凝固強化下での術後管理プロトコル協議。
8. 既存薬調整: アムロジピン継続、オルメサルタンは血圧低下のため一時中止、エノキサパリン予防量は治療量ヘパリンに置換。
9. 家族 (息子・妻) への ICU 入室時 informed consent: 治療選択肢 (tPA・CDT・外科・ECMO) のリスク・ベネフィット説明、現状 30 日死亡率 30-50% の重症 PE であることを伝達、急変時 DNAR 含む救命方針を確認。
10. 安定後の血栓性素因評価、長期抗凝固療法計画 (誘発因子明確だが術後出血収束後の DOAC 切替検討、最低 3 ヶ月)、整形外科リハビリ再開時期の再調整。"
acijpcardio,JC-SCP-S,"【問診記録】
34 歳女性。本日も左胸の ""チクチク"" ""締め付け"" 様の胸痛を訴え再診。
胸痛は約 2 年前から繰り返しており、頻度は週 2-3 回、持続時間は数分から長くて 30 分程度。労作との関連はなく、むしろ仕事中や就寝前など安静時に出現することが多い。深呼吸や姿勢変換で軽減することがある。
発作時に冷汗・嘔気・放散痛・失神などの随伴症状はなし。NTG 舌下を 1 度試したが効果不明。
過去 1 年で当科外来受診 4 回 (2025-06、2025-09、2025-12、2026-02)。
2025-06: 安静時心電図正常、心エコー正常 (LVEF 65%、弁膜症・壁運動異常なし)、胸部 X-p 正常。
2025-09: ホルター心電図 24 時間装着 → 有意な不整脈なし、症状時の心電図変化なし。
2025-12: トレッドミル運動負荷心電図 (Bruce 法 stage IV、9 分 30 秒、85% 目標心拍達成) → 陰性、ST 変化なし、運動誘発症状なし。
2026-02: トロポニン I 高感度法、発作 2 時間後採取 → 陰性 (<0.014 ng/mL)、症状再現性なし。
本人は ""心臓の病気が見つかってないだけで、本当はあるんじゃないか"" と心配している。最近職場プロジェクトの納期で多忙、睡眠 5-6 時間、PMS の時期に症状増悪傾向。
心療内科 (○○メンタルクリニック、主治医 田中医師) に 2 年来通院中、全般性不安障害の診断で SSRI (セルトラリン 50mg) 内服中。心療内科主治医とは情報共有あり、循環器側で繰り返し精査して陰性であることを心療内科側にもフィードバックしている。
本人の母も若年期に同様症状で複数受診歴があり、最終的に自律神経失調症の診断で経過観察となった (検査陰性、心臓病なし)。

【お薬手帳より】
【お薬手帳より】
・セルトラリン錠 50mg 1錠 朝食後 (○○メンタルクリニック処方、2 年継続)
・酸化マグネシウム錠 330mg 3錠 毎食後 (便秘時頓用、自己調節)
・桂枝加竜骨牡蛎湯 2.5g 2包/日 (不安・動悸時の頓用)
服薬コンプライアンス良好。心療内科主治医より ""胸痛増悪時もアルプラゾラム等のベンゾジアゼピンは依存リスクから処方しない方針"" との情報共有あり。
循環器処方歴: 過去 4 回の外来でいずれも循環器薬の新規開始なし。

【診察所見】
意識清明、表情やや緊張、苦悶様顔貌なし、冷汗なし。
バイタル: BP 118/72 mmHg、HR 82/min 整、SpO2 99% (room air)、RR 18/min、BT 36.5℃。
胸部聴診: 心音 I/II 整、過剰心音・雑音聴取せず、肺音清。
胸壁圧痛: 左前胸部第 4-5 肋間胸骨左縁に軽度圧痛あり (患者が ""ここが痛い"" と指す部位と一致)。
下腿浮腫なし、頸静脈怒張なし。
四肢冷感なし、橈骨動脈・足背動脈触知良好、左右差なし。
症状時に過呼吸傾向 (RR 20-24) と本人が申告するが診察時は安定。

【検査結果】
【心電図 (本日)】
洞調律 HR 82、PR 0.16、QRS 0.08、QT 0.40、QTc 0.42。
ST-T 変化なし、Q 波なし、T 波平坦・陰性化なし。
2025-06、2025-09、2025-12 の心電図と比較し変化なし。

【採血 (本日、念のため)】
WBC 6,200/μL、Hb 12.8 g/dL、Plt 26.2万/μL
CK 78 U/L、CK-MB 11 U/L、トロポニン I 高感度法 <0.014 ng/mL (陰性)
BNP 14 pg/mL (低値、心不全否定的)、D-dimer 0.4 μg/mL (陰性、PE 否定的)
Na 140、K 4.2、Cl 103、BUN 11、Cr 0.62、eGFR 92
Glucose 88 mg/dL、TSH 1.8 μIU/mL (甲状腺機能異常否定)、CRP <0.1 mg/dL

【胸部 X-p (本日撮影)】
心拡大なし (CTR 44%)、肺野透過性正常、肺うっ血所見なし、気胸なし、明らかな浸潤影なし。

【過去検査総括 (過去 1 年)】
安静時 ECG 4 回・ホルター 1 回・運動負荷 1 回・心エコー 1 回・高感度トロポニン 1 回・胸部 X-p 4 回 → 全て陰性。
CAG は適応なし (低 pretest probability、複数の非侵襲検査陰性)。","S: 34 歳女性。約 2 年来繰り返す左胸の ""チクチク"" ""締め付け"" 様胸痛で当科外来再診 (過去 1 年で 4 回目)。頻度週 2-3 回、持続数分〜30 分、労作非依存性 (むしろ安静時・就寝前に多い)、深呼吸・姿勢変換で軽減することあり。冷汗・嘔気・放散痛・失神などの随伴症状なし。NTG 効果不明。過去 1 年で安静時 ECG・ホルター・運動負荷・心エコー・高感度トロポニン全て陰性。全般性不安障害で心療内科通院 2 年 (セルトラリン 50mg)、最近納期多忙で睡眠不足、PMS 期に症状増悪傾向。母も若年期に同様症状で検査陰性、最終的に自律神経失調症の診断歴あり。本人は ""心臓病が見つかってないだけかも"" と不安を訴える。

O: 意識清明、表情やや緊張、苦悶様顔貌・冷汗なし。BP 118/72、HR 82 整、SpO2 99% RA、RR 18、BT 36.5。心音 I/II 整、過剰心音・雑音なし、肺音清。左前胸部第 4-5 肋間胸骨左縁に軽度の胸壁圧痛 (患者の指す疼痛部位と一致)。下腿浮腫・頸静脈怒張なし。
12 誘導心電図 (本日): 洞調律 HR 82、ST-T 変化なし、Q 波なし、過去 3 回の心電図と比較し変化なし。
採血 (本日): 高感度トロポニン I <0.014 ng/mL (陰性)、CK 78、CK-MB 11、BNP 14 (低値)、D-dimer 0.4 (陰性)、Cr 0.62、TSH 1.8、CRP <0.1。
胸部 X-p: CTR 44%、肺うっ血・気胸なし。
過去 1 年検査総括: 安静時 ECG 4 回・ホルター 24 時間・運動負荷 (Bruce IV、85% 目標心拍達成)・心エコー (LVEF 65%、弁膜症なし)・高感度トロポニン全て陰性。

A: #1 非心臓性胸痛 (Non-Cardiac Chest Pain, NCCP)。複数の非侵襲的検査 (心電図・ホルター・運動負荷・心エコー・高感度トロポニン) が全て陰性、症状の臨床像 (労作非依存・短時間・胸壁圧痛あり・深呼吸で軽減) も虚血性心疾患に非典型的で、循環器疾患は否定的と判断。CAG は pretest probability 低く適応なし。
#2 身体表現性障害 (somatoform disorder) / DSM-5 身体症状症 (somatic symptom disorder) を背景病態として強く疑う。心療内科で全般性不安障害として加療中、ストレス・睡眠不足・PMS との関連、母の同様病歴という家族集積も矛盾しない。
#3 不安症状の上に来る ""検査で病気が見つからないことへの不安"" が doctor shopping や繰り返し受診の原因となっており、循環器側の検査をこれ以上重ねることは医原性に身体症状症を悪化させる懸念がある。

P: 1. 循環器側の方針: 本日をもって繰り返し精査は一旦終了。本人と家族に ""これまでの検査を総合し、心臓病・冠動脈疾患は否定的"" と明確に negative finding を説明、文書化して心療内科主治医にも共有。
2. 循環器処方なし。アスピリン・β遮断薬・スタチン等の二次予防薬は適応なし。NTG も効果不明・副作用 (頭痛・低血圧) リスクのため処方しない。
3. 心療内科 (○○メンタルクリニック 田中医師) に紹介状作成。これまでの全検査結果と negative finding 確定の旨を明記し、身体症状症 / 全般性不安障害の治療継続を依頼。SSRI 増量や認知行動療法 (CBT) の追加検討を提案。
4. 頓用ベンゾジアゼピン (アルプラゾラム・エチゾラム) は依存性リスクから心療内科側でも処方しない方針が共有されており、循環器側からも処方しない。漢方 (桂枝加竜骨牡蛎湯) の頓用は本人にとって心理的サポートとなっており継続可。
5. 患者教育: ストレス・睡眠不足・PMS との関連を説明、生活指導 (睡眠 7 時間以上、有酸素運動)、症状日記 (誘因・対処) の記載を推奨。
6. 再受診トリガーの明確化: 労作時胸痛の出現、安静時 30 分以上持続する胸痛、冷汗・放散痛・失神を伴う場合は救急受診。それ以外は心療内科主治医に相談、循環器外来は症状変化時のみ受診とし定期再診は予定しない。
7. 本人の不安への対応: 検査結果の写しを本人に渡し、納得を得る。""検査陰性 = 病気がない"" ではなく ""症状はある、しかし心臓由来ではないことが繰り返し確認された"" という説明を心がける。"
acijpcardio,JC-SCP-V,あの すいません 初診なんですけど もう半年くらい体調が悪くて で 色んな科を回ってきたんですけど 最後はやっぱり心臓だけは見ておきたくて来ました えーと 症状はですね まず胸痛があって 左胸が なんか 締め付けられるような ズキズキするような 感じで 1 日に何回もあって 数分で治ることもあれば 30 分くらい続くこともあって あ 動悸もあるんです ドキドキドキって急に脈が速くなって自分でも わかるくらい で 息苦しさもあって 深呼吸が しにくいって言うか 空気が入ってこない感じ それから めまいもあって 立ち上がったときとか デスクで仕事してるときとかに クラクラっと あと 肩こりがひどくて 首から肩 背中が ガチガチで で 不眠 これがもう 一番つらくて 寝つきが悪いし 夜中に何回も 目が覚めて で 早朝に また目が覚めて もう 5 時くらいから 起きちゃって 仕事に行く頃にはもう ぐったりで えーと まず最初は近所の クリニックの 総合内科に行って そこで 採血と 心電図 撮ってもらって 異常なしって言われたんですけど 症状が良くならないんで 次は消化器内科に行って 胃カメラ 大腸内視鏡もやって どっちも異常なしで で次は呼吸器内科で胸部 CT 撮ったんです 肺も全部見て もらって なんともなくて で それから 半月くらい前に呼吸器の 先生に 心臓 一回見てもらった方がいいかもって言われて 紹介状もらってここに来ました 紹介状に検査結果 全部 まとめてあります 採血の結果も全部 持ってきました えっと 血圧は 普段 130 くらい コレステロール ちょっと高いって言われたことあります けど 薬は飲んでなくて 糖尿は ない 喫煙は 3 年前に やめました それまでは 1 日 10 本くらい 15 年 飲酒は そんな飲まないです 月 2 回くらい ビール 2 杯くらい で あの 仕事が ちょっと きつくて 係長なんですけど 部下が 5 人いて 上からも下からも 言われて で コロナの後 業績が ちょっと厳しくて 残業も多くて 帰るのが 23 時とか だから 寝るのが 1 時とかで 朝 6 時に起きて で 妻から ちょっと痩せたんじゃないって 言われて 確かに 半年で 4 キロくらい 痩せて で 自分でもこれは おかしいんじゃないかと思って で あの 先生 自分なりに ちょっと調べたんですけど 心筋梗塞の前兆って 胸痛とか動悸とか息苦しさって書いてあって あと 冠攣縮性狭心症 ってのもあるみたいで 症状的に これに 当てはまるんじゃないかと思って それから 不整脈とかも 心配で あと 心臓神経症って言葉も 聞いたんですけど 自分は 神経症 じゃなくて ちゃんと心臓を 見てほしいんで で 心エコーとか 運動負荷とか ホルターとか カテーテルとか 全部やってもらいたいんですけど できますか 妻には 神経質すぎるって 言われるんですけど でも 体は 確実に 悪くなってるんで 何か 見落としがあるんじゃないかって あ 仕事の方は ちゃんと 行ってます ただ 集中力が 落ちてて ミスも 増えて 上司から 大丈夫かって 言われてて それも またストレスで で 食事は 朝食べないことが多くて 昼は コンビニで 適当に 夜は妻が作ってくれるんですけど 食欲が ないんで 半分くらい 残しちゃって 子供には 大丈夫って 言ってるんですけど 心配かけてて えーと 先生 やっぱり これ 心臓 何か ありますよね,"S: 41 歳男性、製造業中間管理職。半年来の胸痛 (左胸の締め付け感・ズキズキ、1 日複数回、数分〜30 分)、動悸、息苦しさ、めまい、肩こり、不眠 (寝つき不良・中途覚醒・早朝覚醒)、易疲労感、食欲不振 (半年で 4kg 体重減少)、手足のしびれ感などの多彩な不定愁訴で他院紹介により外来初診。過去 6 ヶ月で総合内科 (採血・心電図正常) → 消化器内科 (胃カメラ・大腸内視鏡正常) → 呼吸器内科 (胸部 CT 正常) を doctor shopping、いずれも異常所見なし。本人は ""心筋梗塞・冠攣縮性狭心症・不整脈などの心疾患"" を強く心配し、心エコー・運動負荷・ホルター・心臓カテーテル全てを希望。""自分は神経症ではない、ちゃんと心臓を見てほしい"" と訴え。
背景: 中間管理職としての業務負荷増大、残業 23 時帰宅・睡眠 5 時間、上司からの叱責、家庭で妻から ""神経質すぎる""、集中力低下による業務ミス増加、食事の質低下。喫煙 3 年前禁煙 (Brinkman 150)、飲酒過剰なし。早発冠動脈疾患の家族歴なし。

O: 意識清明、外観やや痩せ型 (BMI 19.2 相当)、表情緊張、ややそわそわした様子、自分の症状をリストにしてメモ持参。冷汗なし、苦悶様顔貌なし。BP 128/82、HR 88 整、SpO2 98% RA、RR 18、BT 36.4。心音 I/II 整、過剰心音・雑音なし、肺音清。胸壁圧痛なし、表在リンパ節腫脹なし、下腿浮腫・頸静脈怒張なし。橈骨動脈触知良好、左右差なし。
12 誘導心電図 (本日): 洞調律 HR 88、PR 0.16、QRS 0.08、QT 0.39、QTc 0.40、ST-T 変化なし、Q 波なし、early repolarization なし。
採血 (本日、紹介元検査と重複しないよう最小限): 高感度トロポニン I <0.014 ng/mL、BNP 12 pg/mL、TSH 1.5 μIU/mL、CRP <0.1 mg/dL、Hb 14.6 g/dL、HbA1c 5.4%、LDL-C 128 mg/dL (軽度高値)、Cr 0.85、eGFR 88。
紹介元持参資料: 総合内科 (2025-11) 採血・ECG 正常、消化器内科 (2026-01) 胃カメラ・大腸内視鏡正常、呼吸器内科 (2026-03) 胸部 CT 縦隔・肺野・冠動脈石灰化なし、肺塞栓・気胸所見なし。半年間の検査全て陰性。

A: #1 非心臓性胸痛 (NCCP)、不定愁訴症候群。半年来の多彩な身体症状 (胸痛・動悸・息苦しさ・めまい・肩こり・不眠・体重減少) に対して総合内科・消化器・呼吸器・循環器の 4 科を回り、各科で適切な検査が行われ全て陰性。本日の安静時心電図・高感度トロポニン・BNP・胸部 CT 既出 (冠動脈石灰化・肺塞栓陰性) を併せ、循環器疾患 (虚血性心疾患・冠攣縮性狭心症・心不全・不整脈・PE) は現時点で強く否定的。
#2 身体表現性障害 (somatoform disorder) / DSM-5 身体症状症、不安症圏 (パニック発作・全般性不安障害含む) を強く疑う。背景に職場ストレス (中間管理職、長時間労働、上司叱責)、慢性睡眠不足、家庭内孤立感、半年で 4kg の体重減少 (うつ症状の身体症状の可能性)。
#3 doctor shopping 行動と ""検査で病気が見つからないことへの強い不安"" は身体症状症の特徴的所見。本人の ""心臓カテーテルまで全部やってほしい"" 希望は侵襲的検査への閾値が低くなる医原性悪化のリスクあり。

P: 1. 循環器側の方針: 本日をもって循環器精査は終了。これまでの 4 科の検査総合と本日の安静時心電図・高感度トロポニン・BNP の結果から、心臓由来の症状である可能性は極めて低いと文書 (検査結果サマリ) で説明。本人が希望する心エコー・運動負荷・ホルター・心臓カテーテルは pretest probability 低く適応なし、特に CAG は侵襲性とリスクから明確に不要と説明。
2. 循環器処方なし。本人の自己診断 (冠攣縮性狭心症など) に基づく Ca 拮抗薬・硝酸薬・抗血小板薬の処方は行わない。LDL-C 128 軽度高値は生活指導で経過観察、薬物療法の閾値以下。
3. 心療内科 / 精神科紹介を強く推奨。紹介状作成、これまでの全検査陰性の経過と身体症状症 / 不安症が背景にある可能性を明記。SSRI (セルトラリンまたはエスシタロプラム) 導入と認知行動療法 (CBT) の併用を提案。
4. ベンゾジアゼピン (アルプラゾラム・エチゾラム) は依存性が高く長期服用のリスクから循環器側からは処方しない。心療内科紹介先での慎重な処方判断を委ねる。漢方薬 (柴胡加竜骨牡蛎湯・甘麦大棗湯・抑肝散など) は心療内科判断で検討可。
5. 産業医・職場との連携: 中間管理職の業務負荷・長時間労働が背景因子として大きく、本人同意の上で産業医面談を提案。睡眠衛生指導 (就寝 24 時前、寝室の光・温度管理、起床時間固定)。
6. 家族 (妻) との情報共有: 本人の同意を得て、検査陰性の経過と身体症状症の可能性、心療内科紹介の方針を説明。""気のせい"" ""神経質すぎる"" という言葉は本人を傷つけるため避け、症状は実在するが原因が心理社会的要因にあることを家族に理解してもらう。
7. 体重減少 4kg は身体症状症 / うつ症状で説明可能だが、悪性疾患スクリーニングが既に消化器内視鏡 + 胸部 CT で完了していることを確認。今後 3 ヶ月で更に体重減少が続く場合は別途精査検討。
8. 再受診トリガー: 労作時に再現性のある胸痛、安静時 30 分以上持続する胸痛、冷汗・放散痛・失神を伴う場合は救急受診。それ以外は心療内科主治医に集約。"
acijpcardio,JC-VSA-S,"【問診記録】
約 3 週間前より、就寝後の午前 3 時〜5 時頃に、突然の胸部中央の圧迫感が出現するようになった。
発作は 5-10 分程度で自然軽快し、起床時には消失している。週 2-3 回の頻度で繰り返している。
発作時には冷汗を伴うことがあり、本人は ""心臓が締めつけられる"" と表現する。労作時に同様の症状が出ることは一度もなく、階段昇降や通勤時の早歩きでも胸痛・息切れはない。
3 日前の早朝発作時に、自宅で冷汗とともに 10 分以上持続したため近医を受診、心電図異常なしで経過観察と説明されたが、本人の不安強く当院紹介。
胸痛既往なし、失神なし、動悸の自覚なし。喫煙 10 本/日 × 20 年継続。月経周期は規則的、閉経前。
片頭痛は前兆 (閃輝暗点) を伴うタイプで若年期より罹患、月 2-3 回トリプタン頓用で対応。
家族歴: 早発性冠動脈疾患の家族歴なし。

【お薬手帳より】
【お薬手帳より】
・ロスバスタチンカルシウム錠 2.5mg 1錠 夕食後 (1 年前から脂質異常症で内服)
・リザトリプタン安息香酸塩錠 10mg 頓用 (片頭痛発作時、月 2-3 回使用)
サプリメント: マルチビタミン (市販品、毎朝)
服薬コンプライアンス良好。

【診察所見】
意識清明、外来時は無症状、発作間欠期での診察。
バイタル: BP 118/72 mmHg、HR 68/min 整、SpO2 98% (room air)、RR 14/min、BT 36.4℃。
胸部聴診: 心音 I/II 整、過剰心音なし、雑音なし、肺音清。
下腿浮腫なし、頸静脈怒張なし、四肢冷感なし、橈骨動脈・足背動脈触知良好、左右差なし。
甲状腺腫大なし、頸部血管雑音なし。

【検査結果】
【心電図 (発作間欠期、外来時)】
洞調律 HR 68、PQ 0.16 秒、QRS 0.08 秒、QT/QTc 0.40/0.42 秒。ST-T 異常なし、Q 波なし。

【採血】
WBC 6,200/μL、Hb 13.4 g/dL、Plt 23.8万/μL
CK 84 U/L、トロポニン I < 0.01 ng/mL (陰性)、BNP 28 pg/mL
Na 140、K 4.0、Cl 103、BUN 14、Cr 0.68、eGFR 82
Glucose 92 mg/dL、HbA1c 5.6%、LDL-C 118 mg/dL (スタチン内服下)、HDL-C 58、TG 96
TSH 1.8 μIU/mL、FT4 1.2 ng/dL
CRP < 0.1 mg/dL、D-dimer 0.4 μg/mL

【胸部 X-p】
心拡大なし (CTR 44%)、肺野清。

【経胸壁心エコー (外来時)】
LVEF 65%、壁運動異常なし、弁膜症なし、心嚢液なし。

【ホルター心電図 (24 時間、入院前外来で施行)】
午前 3 時 47 分頃に II/III/aVF で 1.5mm の一過性 ST 上昇 (約 4 分間持続) を記録、症状日記と一致。同時間帯に動悸の自覚記載あり、無症状性 ST 上昇エピソードも 1 回検出。

【冠動脈造影 (CAG) - 入院 1 日目】
左主幹部・左前下行枝・左回旋枝・右冠動脈 すべて器質的有意狭窄なし。

【アセチルコリン (ACh) 負荷試験 - 入院 2 日目】
右冠動脈に 50μg 注入時、midRCA に 99% のびまん性攣縮を誘発。胸痛再現あり、II/III/aVF で 2mm の ST 上昇を確認。冠動脈内ニトログリセリン 200μg 投与で速やかに攣縮解除、ST 上昇も消失。左冠動脈側は 100μg 注入時に LAD 中部で 75% の局所攣縮を誘発、胸痛軽度再現あり、ST 変化軽微。
判定: 右冠動脈優位の冠攣縮性狭心症 陽性。","S: 52 歳女性。3 週間前より午前 3-5 時頃の安静時胸部圧迫感が週 2-3 回の頻度で反復、5-10 分で自然軽快。労作時症状なし。3 日前の早朝発作で 10 分以上持続したため近医受診、心電図正常で経過観察となるも不安強く当院紹介。喫煙 10 本/日 × 20 年継続。脂質異常症でロスバスタチン内服中、片頭痛 (前兆あり) 既往ありリザトリプタン頓用。早発冠動脈疾患の家族歴なし。

O: 発作間欠期の外来時、無症状。BP 118/72 mmHg、HR 68/min 整、SpO2 98% RA、RR 14、BT 36.4。心音 I/II 整、雑音なし、肺音清、四肢冷感なし、頸動脈・甲状腺異常なし。
12 誘導心電図 (発作間欠期): 洞調律、ST-T 正常、Q 波なし。
採血: トロポニン I 陰性、CK 正常、BNP 28、Cr 0.68、HbA1c 5.6、LDL 118 (スタチン下)、TSH 正常、CRP 陰性。
胸部 X-p: 異常なし。心エコー: LVEF 65%、壁運動正常、弁膜症なし。
ホルター心電図: 午前 3:47 頃に II/III/aVF で 1.5mm の一過性 ST 上昇 (約 4 分間)、症状日記と一致。
冠動脈造影: 4 枝とも器質的有意狭窄なし。
アセチルコリン負荷試験: 右冠動脈 50μg で midRCA に 99% びまん性攣縮 + 胸痛再現 + II/III/aVF で 2mm ST 上昇、冠動脈内 NTG で速やかに解除。左冠動脈 100μg で LAD 中部に 75% 局所攣縮、胸痛軽度再現。

A: 冠攣縮性狭心症 (vasospastic angina, VSA)、JCS 2013 ガイドライン診断基準を満たす確定診断 (安静時胸痛 + ホルター心電図上の一過性 ST 上昇 + ACh 負荷で攣縮再現 + 胸痛 + ST 変化 + NTG で解除)。右冠動脈優位の多枝攣縮型。器質的冠動脈狭窄は否定。冠危険因子としては喫煙が最大、軽度脂質異常症あり。片頭痛 (前兆あり) との合併は血管攣縮性疾患のスペクトラムとして矛盾しない。本症は禁煙が最重要、Ca 拮抗薬による発作予防が薬物療法の中心。β遮断薬は α 受容体優位を惹起し冠攣縮を悪化させ得るため単独使用は禁忌。

P: 1. Ca 拮抗薬 第一選択: ベニジピン 4mg/日 朝食後で開始 (冠攣縮抑制エビデンス豊富、長時間作用型)。発作再燃あれば 8mg/日まで漸増、効果不十分なら ジルチアゼム 100mg/日 への変更または併用を検討。アムロジピンも代替候補。
2. 長時間作用型硝酸薬: 一硝酸イソソルビド 20mg 1錠/日 朝食後を併用 (夜間〜早朝発作の予防)。耐性回避のため夜間〜早朝に薬効が残るよう投与時間を調整。
3. 発作時頓用: ニトログリセリン舌下錠 0.3mg、胸痛時に 1 錠舌下、5 分で軽減なければ追加 1 錠、計 3 錠で軽減なければ救急要請の指導。
4. ニコランジル 15mg/日 を追加候補 (Ca 拮抗薬+硝酸薬で発作コントロール不十分時)。
5. β遮断薬は単独使用禁忌、Ca 拮抗薬と併用時も慎重投与。本症例では併存疾患もなく β遮断薬の適応なし。
6. 禁煙絶対指示: 本症最大の増悪因子。禁煙外来紹介、ニコチン置換療法 (ニコチンパッチ) を提案、家族の協力依頼。
7. 既存内服: ロスバスタチン 2.5mg 継続 (LDL 118 でやや不十分、4mg 増量も検討)。リザトリプタンはトリプタンが冠攣縮を誘発するリスクあり、片頭痛発作時の使用について神経内科と再相談、代替薬 (NSAIDs) への変更を検討。
8. 生活指導: 過換気・寒冷曝露・飲酒過多の回避、ストレス管理、十分な睡眠。
9. 退院後 2 週間で外来再診、発作日記の確認、心電図再検。3 ヶ月後に効果判定。発作頻度減少しなければ薬剤調整。
10. 本症は予後良好だが心筋梗塞・致死性不整脈のリスクあり、症状日記携帯と異常時の救急受診指導を徹底。"
acijpcardio,JC-VSA-V,あの すいません 先生 また来ちゃってですね これで 4 回目なんですよ ここの ER 過去 1 ヶ月で 3 回来てて 今回が 4 回目で  毎回 胸が痛くなって ここに来ると もう着く頃には痛み引いてて で心電図撮っても異常ないって言われて 帰されて で 今夜もまた同じパターンかなと最初思ったんですけど 今回はちょっと怖くて あの えーと 今日も仕事中で 22 時から朝 7 時までの夜勤の途中なんですけど 午前 3 時頃かな いつもの胸の真ん中がギューって締めつけられる感じが来て で前は数分で治ってたんですけど 今回はその 10 分以上続いて 汗もすごい出てきて 息も苦しくなって これはちょっとやばいかもって思って 同僚に運転してもらってここに来て あ そうそう 救急隊じゃないです 同僚の車で 着いた頃には 90% くらい治ってたんですけど 完全には消えてなくて で 心電図撮ってもらったら 今回も特に異常ないって言われたんですけど えーと 前回も前々回も同じこと言われてて で 帰宅して様子見てくださいって でも 毎回毎回これ繰り返してて さすがにおかしいなって 妻にも 病院変えた方がいいんじゃないって言われて でも今回は 怖くなって  あの 私 タバコ吸うんですよね けっこう がっつり 30 本 一日 もう 25 年くらい でやめろやめろって言われてるんですけど 仕事のストレスもあって 全然やめられなくて お酒も毎日のように飲んでて ビールと焼酎と 量はけっこうな量だと思います 妻に怒られるくらいなんで えーと 高血圧は 健診で去年指摘されてて でも病院来てなくて 薬も飲んでなくて で 仕事は深夜勤務で もう 5 年くらい続けてて 寝る時間が朝の 8 時くらいから昼の 2 時くらいまでで 全然寝た気しないんですよね で 食事も不規則で 夜勤明けにラーメン食べたりとか え 胸痛は 1 ヶ月前からです それまでは全然  普通だったんですよ 健康だと思ってて  急にある日の夜勤中に 胸が締めつけられて これ何だろうって 一発目はやっぱり救急車呼んで来たんですけど その時も心電図異常なくて で あ そうそう  前 3 回はいつも夜勤中の 午前 3 時とか 4 時とか その時間帯ばっかりなんですよね 昼間とか歩いてる時とか 全然胸 痛くならないんですよ 階段上っても何ともない なのに 夜中だけ で あの 親父も 高血圧だったんですけど 心臓の方は特に なくて あ お薬手帳とかは持ってないんですけど 何も飲んでないんで 今 で あの ホルター心電図っていうの 前回の ER で 一回つけてもらったんですよ 24 時間 で その時は たまたま発作出なくて何も記録されなかったって言われて それで 経過観察って で でも今回 4 回目だから ちゃんと調べた方がいいって思って え 心筋梗塞かもって思ったんですけど 違うんですか その  心電図異常ないってことは えーと 前回までは 帰宅したら割とすぐ治ってたんで まあ大丈夫かなって思ってたんですけど 今回は本当に怖くて あの 救急隊じゃなくて同僚の車で来たのは 救急車呼ぶほどでもないかなと思って で でも今回はもう 同僚に運転代わってもらわないと 自分で運転できる状態じゃなくて  あ そう そう 妻と娘がいて 娘はまだ中学生なんで えーと 何かあったら大変だなって 今日初めて思いました それで来ました,"S: 45 歳男性、物流倉庫の深夜シフト責任者 (22 時-7 時、週 5 日)。喫煙 30 本/日 × 25 年、大量飲酒 (ほぼ毎日)、未治療の軽度高血圧 (健診指摘)。約 1 ヶ月前より夜勤中の午前 3-4 時頃の胸部絞扼感が出現、毎回数分で軽快し ER 到着時には症状消失して心電図正常で帰宅、過去 1 ヶ月で 3 回受診済 (今回 4 回目)。前回 ER でホルター心電図施行も発作非記録で経過観察。本日午前 3 時頃の発作は 10 分以上持続し冷汗・呼吸困難を伴い、強い不安感あり同僚の車で来院。労作時の胸痛・息切れなし、階段昇降でも症状出ず。早発冠動脈疾患の家族歴なし。
STT は本人モノローグ、当直医に対し ""前回までは大丈夫と思っていたが今回は怖くなった"" と前回受診との比較を述べ、フィラー多。

O: 意識清明、来院時は胸痛 90% 軽快した状態、軽度発汗の遺残あり。BP 138/86 mmHg、HR 76/min 整、SpO2 97% RA、RR 16、BT 36.5。心音 I/II 整、過剰心音なし、雑音なし、肺音清。下腿浮腫なし、頸静脈怒張なし、四肢冷感なし、橈骨動脈・足背動脈触知良好。
12 誘導心電図 (来院時、症状軽快後): 洞調律、ST-T 正常、Q 波なし、QT 0.40 秒。
採血: トロポニン I < 0.01 ng/mL (陰性、発症から約 1 時間で再検でも陰性)、CK 92 U/L (正常)、BNP 22 pg/mL、Cr 0.84、eGFR 78、AST 38、ALT 42、γ-GTP 142 (大量飲酒反映)、Glucose 108、HbA1c 5.8、LDL-C 156 (未治療)、TG 218、CRP < 0.1、D-dimer 0.5。
胸部 X-p: 心拡大なし (CTR 46%)、肺野清。
経胸壁心エコー: LVEF 62%、壁運動異常なし、弁膜症なし、心嚢液なし。
ホルター心電図 (今回入院後 24 時間): 午前 3 時 32 分に II/III/aVF で 2-3mm の ST 上昇を記録 (約 6 分間持続)、患者の症状記録と一致。発作中 HR 一過性に 50/min まで低下する徐脈傾向あり、ST 正常化後は洞調律 HR 70 台で経過。

A: 冠攣縮性狭心症 (vasospastic angina, VSA) 強疑い。1 ヶ月の経過、夜間〜早朝の安静時胸痛、労作時症状欠如、ER 反復受診ごとに症状軽快して心電図正常という典型的経過、入院後ホルター心電図で発作時 ST 上昇を捕捉できた点で診断はほぼ確定的、ACh 負荷試験で確定診断とする。冠危険因子: 高度喫煙 (Brinkman 750)、大量飲酒、未治療高血圧、深夜勤務 (概日リズム障害)、脂質異常症、HbA1c 境界域と冠攣縮の増悪因子が高度集積。本症は予後良好だが、本症例は今夜のように発作持続時間が長くなる傾向が出てきており、心筋梗塞や致死性不整脈のリスクが高まっている可能性、入院での精査が望ましい。AMI は連続採血と心電図で rule out 済。心エコーでも壁運動異常なく、急性虚血イベントは否定的。

P: 1. 緊急精査入院、CCU または HCU で心電図モニター管理、夜間発作のキャプチャを継続。
2. 入院後 1-2 日目: 冠動脈造影 (CAG) で器質的狭窄を否定後、引き続き同セッションでアセチルコリン (ACh) 負荷試験施行、冠攣縮の確定診断と責任血管同定。エルゴノビン負荷も併用検討。
3. 暫定治療開始 (ACh 負荷前): Ca 拮抗薬 ベニジピン 4mg/日 朝食後で開始 (冠攣縮抑制エビデンス豊富)、効果不十分なら 8mg/日 漸増。
4. 発作時頓用: ニトログリセリン舌下錠 0.3mg、胸痛時に 1 錠舌下、5 分で軽減なければ追加 1 錠、計 3 錠で軽減なければ救急要請を指導。
5. 長時間作用型硝酸薬 一硝酸イソソルビド 20mg/日 朝食後を併用 (夜間〜早朝発作の予防)。発作頻度高く症状重い場合は ニコランジル 15mg/日 を上乗せ。
6. β遮断薬は単独使用禁忌 (冠攣縮悪化)。本症例では単純高血圧に対して使いたくなる場面だが、Ca 拮抗薬で血圧管理を兼ねる。
7. 禁煙絶対指示: 本症最大の増悪因子。禁煙外来紹介、ニコチン置換療法 (ニコチンパッチ + バレニクリン) 導入、家族 (妻) 同席で禁煙への動機づけ強化。
8. 断酒指導: γ-GTP 142 と肝障害もあり、節酒では不十分、断酒目標。アルコール依存症外来への紹介も検討。
9. 高血圧治療: 健診指摘以来未治療、Ca 拮抗薬で兼ねるが ACh 負荷後の追加治療を検討。
10. 脂質異常症: LDL 156、TG 218、生活習慣是正に加えてスタチン (アトルバスタチン 10mg/日) 開始を検討。
11. 深夜勤務の見直し: 概日リズム障害が冠攣縮の増悪因子。職場と勤務形態の相談を勧める (産業医面談)。
12. 心筋梗塞・致死性不整脈リスクの説明、症状日記携帯、発作持続時間の記録、家族にも緊急時対応 (119 番通報、AED 使用) を指導。
13. 退院後 2 週間で外来再診、3 ヶ月で効果判定。"
